YEAR,DOY,T2M,T2M_MAX,T2M_MIN,RH2M,WS2M,PS
2015,1,-0.99,5.3,-5.51,55.49,1.7,103.14
2015,2,1.62,8.9,-3.41,57.25,1.37,102.72
2015,3,4.94,13.44,-0.71,61.46,2.35,101.94
2015,4,6.98,16.73,0.52,71.79,1.91,101.4
2015,5,8.44,15.34,2.74,80.25,2.91,101.08
2015,6,3.45,6.6,-0.91,73.76,3.81,102.14
2015,7,1.62,7.8,-3.17,62.55,1.69,102.64
2015,8,2.58,8.47,-2.92,53.87,1.16,102.92
2015,9,5.43,12.11,-0.79,60.06,1.4,102.67
2015,10,6.59,13.37,2.9,65.39,1.51,102.47
2015,11,6.1,15.12,0.4,71.28,2.12,102.58
2015,12,2.69,6.18,-0.31,81.1,3.85,103.1
2015,13,4.11,8.07,1.13,86.65,3.18,102.75
2015,14,5.07,9.29,2.31,85.32,2.22,102.51
2015,15,4.64,10.16,-1.42,78.38,1.0,102.54
2015,16,4.26,10.18,0.48,81.37,2.26,102.5
2015,17,0.58,6.36,-4.56,74.83,2.59,103.03
2015,18,3.3,11.33,-1.41,74.08,3.14,102.46
2015,19,3.75,12.04,-3.44,62.64,1.69,102.53
2015,20,5.98,12.99,0.84,71.78,3.1,102.03
2015,21,5.82,13.23,0.56,75.69,3.78,101.97
2015,22,1.63,8.32,-3.49,80.88,2.04,102.37
2015,23,3.47,11.71,-2.77,77.86,2.42,101.92
2015,24,6.02,12.41,0.54,88.59,2.61,101.75
2015,25,7.8,10.27,5.11,88.87,2.42,101.89
2015,26,6.67,12.02,3.25,84.66,1.79,102.18
2015,27,2.99,6.56,-0.68,75.01,5.03,102.71
2015,28,0.59,3.81,-1.92,79.73,3.87,102.7
2015,29,-0.02,2.64,-2.62,90.52,3.35,102.59
2015,30,-1.33,3.43,-4.98,79.59,2.53,103.02
2015,31,-0.96,3.77,-5.31,73.02,2.46,103.34
2015,32,0.36,4.94,-3.64,77.67,1.7,103.16
2015,33,2.05,6.64,-2.52,87.2,1.58,102.92
2015,34,3.21,7.11,0.56,86.03,1.38,102.86
2015,35,1.65,8.53,-3.45,72.98,2.69,102.76
2015,36,0.92,7.43,-4.96,61.42,2.23,102.93
2015,37,3.69,9.05,-0.22,48.86,1.06,102.49
2015,38,4.6,12.13,-0.97,63.34,2.03,102.22
2015,39,-0.05,5.93,-4.77,62.9,3.79,103.14
2015,40,-0.33,6.46,-5.69,60.63,1.87,103.06
2015,41,2.91,11.42,-3.87,59.86,1.9,102.04
2015,42,6.6,15.59,-0.69,67.81,3.7,101.33
2015,43,5.12,14.23,-2.72,64.83,2.09,101.58
2015,44,6.15,14.62,1.21,78.41,2.32,101.7
2015,45,9.89,17.91,2.27,80.0,2.64,101.42
2015,46,12.41,17.46,9.66,90.1,2.49,101.19
2015,47,10.39,16.23,7.13,76.38,2.58,101.65
2015,48,8.09,15.5,2.14,68.03,2.41,101.86
2015,49,5.8,13.12,0.21,68.95,3.94,102.4
2015,50,4.85,12.42,-2.48,69.53,4.12,102.38
2015,51,7.02,9.88,4.49,91.25,3.17,101.49
2015,52,6.55,9.95,3.23,86.24,2.6,101.48
2015,53,5.32,11.76,0.75,75.23,2.38,101.99
2015,54,5.83,11.33,0.59,82.46,2.12,101.85
2015,55,8.18,13.2,4.5,83.96,2.13,101.55
2015,56,8.99,13.67,6.16,86.87,2.37,101.44
2015,57,7.07,10.69,3.53,78.33,3.46,101.93
2015,58,3.9,6.69,2.38,83.71,5.19,102.33
2015,59,1.52,3.45,-0.22,90.03,3.87,102.3
2015,60,3.82,10.25,-2.01,76.1,1.81,102.41
2015,61,7.14,12.96,0.44,69.06,2.24,101.52
2015,62,7.7,13.77,2.92,70.75,4.06,101.48
2015,63,2.39,6.94,-1.02,61.98,3.24,102.45
2015,64,1.54,5.95,-2.93,76.39,2.65,102.4
2015,65,4.42,8.81,-0.64,76.09,1.14,102.15
2015,66,6.42,11.18,1.53,78.52,1.62,102.0
2015,67,7.36,12.57,3.48,86.52,2.73,101.72
2015,68,6.76,13.0,2.62,78.9,3.08,102.54
2015,69,2.97,7.99,-2.71,59.21,2.66,103.06
2015,70,5.85,12.39,-1.11,58.29,1.43,102.4
2015,71,9.24,16.59,2.13,72.74,2.37,101.8
2015,72,11.95,19.03,4.45,79.54,1.95,101.56
2015,73,9.79,14.35,5.99,85.63,3.74,101.88
2015,74,10.66,16.93,6.67,88.54,2.5,101.67
2015,75,13.39,18.85,8.75,87.9,2.45,101.38
2015,76,14.89,20.97,9.89,92.88,2.94,100.74
2015,77,11.58,14.25,9.2,89.73,3.32,100.67
2015,78,11.77,17.81,6.56,76.0,2.04,101.44
2015,79,11.66,14.61,8.97,85.57,2.14,101.74
2015,80,13.73,20.94,6.99,76.69,1.6,101.8
2015,81,14.24,21.14,8.36,72.7,2.5,102.01
2015,82,9.83,15.06,5.67,72.97,4.2,102.46
2015,83,9.34,15.69,3.97,70.93,3.61,102.91
2015,84,10.51,16.94,6.12,69.59,4.49,102.89
2015,85,10.1,14.77,5.75,83.99,3.91,102.65
2015,86,11.96,17.51,7.77,82.26,1.9,102.28
2015,87,14.55,21.29,7.86,78.47,2.09,101.56
2015,88,16.78,23.19,11.8,79.59,1.74,101.32
2015,89,16.94,21.51,12.97,89.54,2.59,100.88
2015,90,21.96,28.3,15.07,83.54,2.2,100.66
2015,91,20.79,25.31,16.27,85.49,4.33,100.56
2015,92,16.65,24.99,9.71,88.1,4.37,99.85
2015,93,11.66,15.38,7.39,82.17,2.65,100.58
2015,94,11.42,14.24,9.66,89.35,3.56,100.68
2015,95,11.32,14.19,9.63,90.93,2.69,101.19
2015,96,10.23,14.3,6.27,86.43,4.58,101.89
2015,97,5.49,8.67,1.48,82.41,3.36,102.64
2015,98,5.71,11.3,-0.56,69.29,1.78,102.55
2015,99,8.51,14.41,1.51,73.27,1.97,102.08
2015,100,10.81,17.48,3.89,70.63,1.59,102.07
2015,101,12.14,18.74,4.87,76.53,2.44,102.08
2015,102,12.66,21.46,4.95,78.11,3.23,101.75
2015,103,7.84,13.64,3.4,74.49,4.06,101.88
2015,104,10.77,18.63,3.64,71.35,3.73,101.29
2015,105,13.32,18.61,7.16,80.9,3.38,100.83
2015,106,16.27,22.68,10.65,75.74,3.07,101.04
2015,107,15.91,23.4,9.54,71.48,4.56,100.95
2015,108,19.25,24.59,13.8,85.08,1.7,100.38
2015,109,18.86,24.94,11.77,88.38,2.56,100.25
2015,110,13.21,19.33,8.43,74.65,3.54,101.13
2015,111,14.09,20.85,7.25,49.46,1.35,101.57
2015,112,17.66,25.04,8.59,56.95,1.14,101.75
2015,113,19.81,27.02,13.28,61.23,1.72,101.67
2015,114,19.59,26.28,14.91,62.04,1.72,101.66
2015,115,19.6,27.21,12.48,61.53,1.7,101.65
2015,116,20.34,27.99,14.07,64.02,2.62,101.38
2015,117,20.55,26.93,12.62,76.42,2.82,100.8
2015,118,23.34,28.61,17.66,81.38,3.16,100.42
2015,119,19.24,24.31,15.19,80.59,2.69,100.96
2015,120,20.38,27.03,14.42,73.7,1.54,101.01
2015,121,21.4,27.96,15.47,75.94,4.12,100.6
2015,122,19.38,24.23,14.07,89.87,3.51,100.25
2015,123,19.11,25.27,12.56,77.96,2.16,100.95
2015,124,18.53,22.78,11.9,64.97,2.49,101.27
2015,125,17.5,24.25,10.41,63.19,2.8,100.86
2015,126,19.74,24.01,14.52,74.0,1.31,100.55
2015,127,21.78,27.59,15.52,75.77,1.07,100.82
2015,128,21.86,27.18,17.27,82.95,2.9,100.37
2015,129,20.12,25.25,15.48,78.18,2.54,100.86
2015,130,20.02,25.25,14.48,78.84,4.02,100.98
2015,131,16.35,21.3,11.73,83.5,4.23,100.68
2015,132,18.21,25.67,10.42,63.71,5.14,100.69
2015,133,21.14,27.03,12.98,70.13,4.3,100.39
2015,134,25.42,30.69,21.36,83.12,2.76,100.35
2015,135,21.34,26.07,16.58,92.21,4.05,100.4
2015,136,18.97,25.35,14.31,69.22,2.79,101.01
2015,137,19.99,25.99,12.68,74.48,2.39,100.47
2015,138,21.87,25.01,19.15,89.76,1.25,100.09
2015,139,24.56,29.81,18.63,78.54,1.14,100.33
2015,140,21.78,27.24,14.49,64.62,3.31,100.99
2015,141,18.69,25.7,11.38,62.68,2.89,101.27
2015,142,19.99,26.62,13.5,71.91,2.06,100.86
2015,143,21.16,25.16,17.03,76.56,1.65,100.62
2015,144,22.15,27.91,16.12,71.62,1.81,100.58
2015,145,22.94,29.06,16.44,74.29,2.05,100.63
2015,146,22.86,28.23,17.8,72.48,3.2,100.64
2015,147,21.87,25.91,18.95,86.21,3.36,100.2
2015,148,23.46,28.32,18.61,83.62,2.07,100.09
2015,149,23.1,26.5,20.13,86.9,3.21,100.1
2015,150,23.71,28.51,19.67,81.12,2.71,100.37
2015,151,23.65,29.69,17.81,70.19,1.52,100.52
2015,152,25.42,31.17,19.12,78.16,2.27,100.25
2015,153,24.38,27.14,20.74,93.34,3.98,99.98
2015,154,21.25,26.29,16.12,72.3,3.59,100.86
2015,155,20.25,25.62,13.64,62.49,2.28,100.68
2015,156,21.65,28.05,14.35,72.19,2.35,100.34
2015,157,24.66,30.95,18.41,74.43,2.81,100.43
2015,158,23.52,28.49,19.45,81.29,2.12,100.44
2015,159,23.32,27.22,20.21,83.79,1.65,100.2
2015,160,23.89,28.7,20.04,83.07,2.29,100.3
2015,161,24.46,29.93,19.71,84.23,2.11,100.04
2015,162,25.59,30.45,20.95,69.8,3.79,100.08
2015,163,25.74,33.21,18.03,66.14,3.44,100.24
2015,164,26.54,31.94,21.57,74.53,3.19,100.07
2015,165,25.81,31.9,21.33,71.87,1.74,100.39
2015,166,23.56,25.78,21.37,84.38,1.91,100.48
2015,167,21.37,23.59,20.25,91.66,3.04,100.19
2015,168,21.34,24.44,18.97,89.91,3.56,99.83
2015,169,22.42,27.41,17.45,78.69,1.92,100.23
2015,170,23.68,28.87,18.43,80.62,2.11,100.47
2015,171,24.06,29.73,19.6,82.35,2.21,100.54
2015,172,23.2,26.47,20.38,88.68,2.14,100.57
2015,173,23.7,27.5,20.55,84.97,2.22,100.36
2015,174,24.11,27.28,20.82,88.59,2.42,100.44
2015,175,26.42,30.35,22.31,90.5,2.92,100.04
2015,176,27.03,30.42,23.98,91.89,3.01,99.63
2015,177,24.68,28.21,21.9,87.83,1.51,99.86
2015,178,22.52,23.82,20.08,94.44,4.23,100.03
2015,179,22.03,24.7,19.64,91.35,3.67,100.39
2015,180,25.8,29.39,22.15,93.03,2.43,99.95
2015,181,24.99,27.27,20.74,91.58,3.32,99.67
2015,182,24.78,29.22,19.64,81.58,0.96,99.78
2015,183,25.53,29.76,21.42,82.91,1.35,99.95
2015,184,25.51,29.92,21.23,81.87,2.22,100.22
2015,185,23.82,27.8,20.37,84.02,2.04,100.58
2015,186,21.83,26.06,18.13,82.37,2.18,100.71
2015,187,18.9,19.97,16.89,90.95,2.09,100.75
2015,188,20.85,25.45,16.37,84.37,2.35,100.57
2015,189,21.62,25.38,17.01,89.03,2.19,100.68
2015,190,22.59,25.41,19.91,91.84,2.72,100.72
2015,191,26.11,30.93,21.59,86.56,4.1,100.52
2015,192,24.88,28.34,22.51,88.14,6.96,99.78
2015,193,26.13,30.41,22.07,85.64,4.62,99.47
2015,194,28.55,32.95,24.3,81.33,1.62,99.81
2015,195,28.01,32.17,24.8,81.08,1.53,99.95
2015,196,26.88,31.13,23.3,86.3,2.76,99.9
2015,197,25.85,28.65,23.75,90.5,3.74,99.8
2015,198,25.23,28.18,23.34,91.09,3.9,99.92
2015,199,25.18,28.54,23.03,92.34,1.61,100.03
2015,200,25.85,28.92,23.91,90.38,1.47,100.29
2015,201,26.21,29.98,22.75,87.63,1.82,100.35
2015,202,26.97,30.54,23.65,86.5,1.77,100.26
2015,203,26.92,30.37,23.19,86.58,1.66,100.16
2015,204,26.46,29.48,23.66,87.69,1.98,100.11
2015,205,26.56,28.42,24.03,94.68,2.36,99.87
2015,206,25.48,28.31,22.38,86.08,1.13,100.1
2015,207,27.49,30.44,24.72,91.34,2.3,100.24
2015,208,28.31,31.06,26.15,91.24,1.81,100.44
2015,209,29.09,32.51,26.13,86.92,2.6,100.45
2015,210,28.87,32.18,26.09,85.68,2.77,100.41
2015,211,28.52,31.85,25.38,85.78,2.98,100.42
2015,212,28.49,32.36,25.2,84.41,2.82,100.44
2015,213,28.58,32.25,24.68,80.65,1.86,100.53
2015,214,29.31,33.81,25.63,81.23,2.18,100.48
2015,215,29.71,33.99,25.85,82.16,2.93,100.32
2015,216,29.76,34.15,25.47,81.06,2.76,100.18
2015,217,30.58,34.26,26.39,78.92,1.55,100.13
2015,218,30.36,34.66,27.05,76.53,1.11,100.24
2015,219,28.8,32.3,26.29,86.66,2.95,100.57
2015,220,27.64,30.07,25.9,90.2,3.54,100.61
2015,221,26.45,28.37,25.28,92.49,4.99,100.37
2015,222,25.96,27.37,25.12,94.57,4.94,99.97
2015,223,25.96,30.6,22.52,88.64,3.18,100.0
2015,224,26.11,30.53,21.02,80.83,0.92,100.52
2015,225,25.32,28.2,22.13,80.1,1.33,100.45
2015,226,25.98,31.07,21.79,80.46,1.96,100.27
2015,227,25.63,30.09,21.01,83.69,1.73,100.22
2015,228,26.59,30.92,23.34,87.38,1.89,100.26
2015,229,24.9,29.68,20.52,78.96,2.16,100.49
2015,230,25.4,29.62,22.0,86.31,2.89,100.63
2015,231,25.45,28.15,23.05,89.98,2.98,100.6
2015,232,25.74,29.91,22.34,91.02,2.99,100.33
2015,233,24.66,28.34,20.84,81.83,1.24,100.38
2015,234,24.33,28.06,20.63,86.59,1.81,100.32
2015,235,23.53,28.31,19.84,86.65,2.51,100.29
2015,236,24.13,28.42,21.17,87.63,3.48,100.2
2015,237,24.14,28.72,19.74,82.97,2.44,100.4
2015,238,24.64,29.25,20.28,80.96,1.63,100.64
2015,239,24.9,29.52,20.49,79.38,1.3,100.65
2015,240,24.9,29.9,20.21,78.18,1.25,100.57
2015,241,25.05,29.79,21.13,82.22,1.87,100.5
2015,242,25.25,29.93,20.78,82.39,1.69,100.57
2015,243,25.5,29.75,21.18,83.15,1.46,100.62
2015,244,25.45,30.27,21.38,81.79,1.51,100.6
2015,245,24.04,28.76,19.72,79.49,1.92,100.92
2015,246,24.28,29.31,18.94,78.64,1.42,101.08
2015,247,24.84,29.38,20.44,84.51,1.96,100.84
2015,248,24.96,28.74,21.81,87.99,3.17,100.3
2015,249,23.9,28.06,20.54,84.96,2.46,100.54
2015,250,23.51,28.49,19.24,82.6,2.36,100.88
2015,251,23.3,28.28,19.25,81.66,2.45,101.11
2015,252,22.63,27.76,18.32,80.67,2.16,101.28
2015,253,22.32,27.57,17.46,78.43,1.78,101.31
2015,254,22.66,27.15,18.82,80.02,1.62,101.02
2015,255,20.75,25.14,16.5,79.03,3.0,101.37
2015,256,18.26,23.27,13.24,69.87,1.73,101.67
2015,257,20.98,26.43,15.4,78.58,2.11,101.48
2015,258,21.18,25.1,17.88,85.23,1.71,101.41
2015,259,21.39,26.75,16.94,81.53,2.31,101.42
2015,260,21.03,25.5,17.42,77.16,1.18,101.53
2015,261,21.71,26.71,17.45,76.17,1.2,101.43
2015,262,22.61,28.16,17.86,74.4,1.72,101.18
2015,263,21.53,26.21,17.82,79.27,1.97,101.03
2015,264,22.04,27.85,16.78,78.88,2.39,100.99
2015,265,22.28,26.01,18.02,85.57,2.11,100.83
2015,266,23.1,27.46,19.84,85.13,2.21,100.56
2015,267,21.82,27.31,17.73,80.4,1.72,100.6
2015,268,22.64,27.51,18.66,80.6,2.03,100.57
2015,269,22.81,28.68,17.1,78.82,2.13,100.95
2015,270,21.95,27.69,17.25,77.98,2.47,101.12
2015,271,21.42,28.4,14.48,77.57,3.34,101.25
2015,272,21.34,24.67,19.33,85.77,5.86,101.4
2015,273,24.31,28.69,20.12,92.24,3.4,100.9
2015,274,19.69,23.98,12.37,71.79,5.03,101.11
2015,275,17.54,24.19,10.81,57.69,1.26,101.48
2015,276,19.26,24.91,15.28,66.4,1.24,101.69
2015,277,19.95,25.58,15.22,82.76,2.87,102.03
2015,278,19.66,24.37,16.54,83.72,1.82,101.9
2015,279,20.7,25.47,16.84,87.32,2.49,101.53
2015,280,20.87,24.77,18.66,89.05,3.73,100.97
2015,281,19.58,23.54,16.65,86.01,3.53,101.19
2015,282,16.46,22.3,11.43,69.53,2.31,101.27
2015,283,15.37,22.29,9.82,68.14,3.11,101.28
2015,284,14.19,22.2,6.7,56.52,1.91,101.82
2015,285,15.92,22.98,9.17,53.18,1.42,102.05
2015,286,16.95,24.73,10.31,58.92,1.08,102.02
2015,287,17.08,24.96,11.39,64.53,1.7,101.74
2015,288,19.0,26.58,11.2,66.55,1.12,101.5
2015,289,19.4,26.51,13.28,73.8,1.73,101.56
2015,290,18.69,25.97,13.6,77.05,2.15,101.64
2015,291,17.8,25.11,12.06,78.77,2.49,101.66
2015,292,17.44,23.1,12.41,79.46,2.14,101.4
2015,293,18.15,24.68,12.97,79.25,2.24,101.22
2015,294,19.09,25.74,14.48,80.43,2.68,101.38
2015,295,19.07,25.42,13.7,82.14,2.32,101.6
2015,296,19.74,25.84,15.18,78.38,1.74,101.5
2015,297,20.34,26.66,14.54,78.72,2.26,101.63
2015,298,19.8,24.43,16.77,81.1,3.76,101.8
2015,299,19.77,26.39,14.39,83.32,3.55,101.4
2015,300,14.81,19.6,9.96,55.8,2.66,101.72
2015,301,15.1,21.19,9.09,56.77,1.14,101.89
2015,302,14.84,19.66,10.98,70.25,1.9,101.98
2015,303,12.92,18.23,10.04,70.32,3.41,102.5
2015,304,11.87,17.2,6.78,62.63,2.47,102.78
2015,305,12.21,17.88,8.8,69.01,1.71,102.37
2015,306,11.82,19.28,6.18,66.61,1.46,102.28
2015,307,12.36,19.18,5.81,75.54,2.69,102.26
2015,308,15.49,20.98,10.14,83.64,1.84,102.02
2015,309,17.97,23.45,13.27,88.69,1.8,101.74
2015,310,22.36,28.64,17.72,82.0,2.46,101.32
2015,311,14.24,20.25,10.33,88.0,3.4,101.52
2015,312,11.29,15.2,9.39,83.66,2.91,101.93
2015,313,10.24,15.57,5.72,79.44,2.67,102.3
2015,314,9.86,15.74,4.8,80.44,2.64,102.4
2015,315,11.44,15.85,7.34,81.84,3.33,102.38
2015,316,11.61,13.27,9.69,93.07,2.7,102.18
2015,317,12.32,17.57,8.19,85.81,2.67,101.6
2015,318,11.29,17.38,6.02,82.65,1.59,101.6
2015,319,13.03,18.81,7.48,87.02,2.7,101.57
2015,320,14.78,18.42,12.68,88.71,2.4,101.29
2015,321,12.56,14.33,9.93,92.19,3.42,101.57
2015,322,12.18,14.79,10.44,88.95,3.51,101.85
2015,323,10.58,12.37,9.38,90.34,2.19,102.04
2015,324,12.14,15.32,9.19,89.14,2.09,102.1
2015,325,13.13,15.74,11.01,94.53,2.55,102.08
2015,326,14.99,18.11,13.15,94.1,2.24,101.98
2015,327,12.86,16.58,9.52,91.48,3.36,102.21
2015,328,6.27,9.48,1.07,90.63,5.62,102.46
2015,329,2.01,5.83,0.04,81.67,3.77,102.56
2015,330,-1.79,3.36,-5.91,71.33,4.03,102.87
2015,331,-0.31,5.64,-6.33,66.99,1.37,102.7
2015,332,6.2,13.55,-0.52,69.18,1.13,102.47
2015,333,10.06,16.21,4.67,82.52,1.02,102.28
2015,334,9.97,14.86,5.26,85.91,1.71,102.17
2015,335,12.03,16.11,8.75,88.5,1.9,101.82
2015,336,7.85,11.94,2.17,76.33,3.13,102.02
2015,337,3.38,10.89,-1.73,62.33,3.43,102.38
2015,338,4.03,9.39,-1.49,52.97,1.11,102.71
2015,339,4.23,6.21,2.68,76.11,0.98,102.59
2015,340,4.81,10.53,0.55,74.78,1.11,102.74
2015,341,5.36,11.85,1.08,75.5,1.21,102.83
2015,342,6.69,12.99,1.53,87.39,3.12,102.78
2015,343,8.87,12.47,6.13,93.4,2.27,102.1
2015,344,9.52,13.17,7.01,88.91,3.19,101.68
2015,345,6.78,10.96,1.22,86.67,2.76,102.1
2015,346,4.2,10.45,0.58,82.96,2.2,102.14
2015,347,4.76,9.11,1.88,84.87,1.99,102.14
2015,348,4.31,10.11,-0.32,77.26,2.19,102.23
2015,349,5.15,11.21,1.65,72.76,2.08,102.38
2015,350,0.64,6.32,-3.76,62.48,3.79,102.87
2015,351,-1.15,5.27,-5.55,61.34,2.31,103.21
2015,352,-0.19,5.85,-3.55,60.82,1.39,103.19
2015,353,2.28,8.11,-3.19,82.69,2.34,103.0
2015,354,4.5,8.44,1.48,91.05,1.91,102.48
2015,355,4.12,9.51,-0.81,75.68,1.92,102.46
2015,356,6.89,11.7,3.46,91.52,1.24,102.13
2015,357,7.51,11.3,4.97,90.9,2.04,102.02
2015,358,7.36,9.96,4.03,93.48,2.43,102.16
2015,359,3.78,10.91,1.06,82.81,1.98,102.29
2015,360,5.35,13.7,-0.48,78.84,2.46,101.97
2015,361,3.36,7.76,-0.94,88.37,3.85,102.83
2015,362,1.26,7.76,-3.52,80.41,2.04,103.38
2015,363,2.44,8.14,-2.36,82.02,1.61,103.03
2015,364,3.85,10.24,-0.22,86.46,2.08,102.78
2015,365,2.74,9.3,-1.05,76.19,2.08,103.21
2016,1,3.55,11.27,-2.6,81.96,2.44,102.7
2016,2,7.68,14.41,1.56,72.72,1.64,102.0
2016,3,10.68,17.0,4.63,82.03,1.46,101.78
2016,4,9.4,14.45,5.94,91.57,3.28,101.83
2016,5,6.44,8.58,4.51,86.75,5.03,102.18
2016,6,6.62,10.96,3.07,81.18,2.06,102.51
2016,7,4.28,7.5,1.31,81.75,2.38,102.67
2016,8,1.97,8.06,-3.38,67.8,1.43,102.55
2016,9,4.12,9.63,-0.26,74.99,1.43,102.36
2016,10,5.38,10.67,0.65,83.11,2.53,102.18
2016,11,4.14,7.54,0.15,88.97,4.35,102.41
2016,12,0.38,3.89,-2.73,79.9,2.78,102.78
2016,13,-0.25,4.44,-4.21,68.64,1.74,102.54
2016,14,1.15,6.57,-3.05,73.73,1.69,102.19
2016,15,2.5,9.39,-2.95,62.64,1.6,101.8
2016,16,3.45,9.81,-2.02,73.86,2.51,101.67
2016,17,4.15,10.15,-0.9,78.72,3.1,101.57
2016,18,-0.99,4.4,-3.91,76.94,2.78,102.29
2016,19,-0.99,4.47,-4.37,62.93,1.88,102.81
2016,20,-0.42,4.04,-3.96,75.17,3.71,102.92
2016,21,-0.56,2.87,-2.91,86.73,2.96,102.71
2016,22,-0.75,1.95,-3.5,89.01,3.86,102.99
2016,23,-4.51,-1.29,-7.17,62.17,5.02,103.73
2016,24,-8.8,-4.98,-11.67,54.75,5.1,103.94
2016,25,-5.5,1.97,-11.81,73.7,3.04,103.35
2016,26,-1.89,5.53,-9.61,75.73,2.02,102.84
2016,27,1.75,7.07,-0.7,71.79,1.61,102.51
2016,28,1.92,3.97,0.53,96.53,2.09,102.1
2016,29,2.32,5.52,-1.79,92.01,3.61,102.31
2016,30,0.98,6.28,-2.33,81.79,2.67,102.72
2016,31,-0.7,4.08,-3.22,86.03,3.67,103.08
2016,32,-1.86,2.75,-5.36,71.63,2.68,103.35
2016,33,0.21,4.8,-3.91,60.44,1.46,103.01
2016,34,0.81,6.95,-3.54,64.38,1.29,102.71
2016,35,2.2,7.7,-2.09,72.3,1.52,102.57
2016,36,2.42,7.96,-1.84,66.55,1.75,102.55
2016,37,0.69,7.12,-4.17,65.0,2.54,102.82
2016,38,1.71,9.52,-3.77,64.27,2.81,102.23
2016,39,5.47,15.07,-2.63,69.03,2.95,101.84
2016,40,8.65,18.79,1.92,79.91,1.9,101.77
2016,41,11.25,21.29,4.19,77.32,2.66,101.35
2016,42,14.12,20.36,9.55,90.75,1.81,101.02
2016,43,16.22,23.03,10.32,88.21,2.57,100.78
2016,44,8.43,15.23,1.83,84.4,5.78,101.11
2016,45,1.65,5.5,-1.16,61.85,4.56,102.68
2016,46,-0.21,6.84,-5.6,62.25,3.05,102.85
2016,47,1.59,8.94,-3.97,63.15,3.2,102.5
2016,48,5.22,12.23,-0.81,54.17,0.98,102.44
2016,49,7.8,15.93,-0.33,60.34,1.88,102.07
2016,50,8.19,14.8,2.5,68.34,2.41,102.22
2016,51,5.29,11.97,-1.26,60.55,2.35,102.63
2016,52,4.87,11.4,-1.77,76.48,2.87,102.54
2016,53,5.78,7.65,4.5,90.64,2.01,102.49
2016,54,6.28,10.55,2.08,82.83,2.97,103.02
2016,55,4.34,10.77,-0.87,72.29,1.95,103.39
2016,56,5.55,13.49,-1.63,74.64,2.28,103.14
2016,57,8.81,16.98,2.85,78.45,2.79,102.47
2016,58,10.87,18.61,4.83,78.06,3.56,102.05
2016,59,9.64,16.89,3.64,77.73,3.82,102.21
2016,60,5.03,11.98,-0.35,69.35,2.65,103.01
2016,61,5.2,13.37,-1.61,77.36,3.35,102.54
2016,62,10.83,19.12,2.26,73.29,1.78,101.99
2016,63,14.28,20.48,9.94,75.77,1.33,101.58
2016,64,15.99,21.68,12.38,83.26,1.94,101.39
2016,65,15.37,22.62,9.91,83.6,2.74,101.43
2016,66,11.94,17.3,7.67,84.92,2.83,101.54
2016,67,14.27,21.37,9.47,87.42,2.96,101.23
2016,68,5.39,9.34,1.34,89.55,7.98,101.52
2016,69,3.29,7.42,0.25,71.66,4.54,102.49
2016,70,3.19,8.27,0.05,59.93,2.37,102.87
2016,71,4.42,10.81,-2.08,61.83,1.49,102.46
2016,72,6.64,13.52,-0.85,69.62,3.42,101.78
2016,73,8.89,14.71,5.11,79.89,2.76,101.84
2016,74,8.12,14.79,1.32,74.0,1.94,102.24
2016,75,7.59,12.89,2.75,74.57,3.68,101.83
2016,76,10.65,18.51,3.32,75.68,1.59,101.5
2016,77,13.08,18.82,7.77,82.58,2.19,101.17
2016,78,14.47,18.6,9.02,81.57,1.05,100.9
2016,79,15.02,20.68,9.88,82.4,2.22,101.45
2016,80,11.46,18.18,7.04,70.17,4.31,101.89
2016,81,10.49,18.01,4.97,66.53,3.57,101.88
2016,82,12.16,18.92,7.16,82.15,3.02,101.49
2016,83,9.76,14.19,4.87,67.21,4.66,102.11
2016,84,6.68,11.51,3.15,60.36,3.43,102.76
2016,85,8.86,15.15,3.92,56.19,1.41,102.51
2016,86,7.84,14.72,1.57,66.24,2.08,102.35
2016,87,9.63,17.6,2.98,66.65,2.7,102.22
2016,88,12.56,20.73,4.39,62.55,3.64,101.89
2016,89,13.84,20.55,8.84,69.11,3.28,101.6
2016,90,13.52,17.07,10.6,88.38,2.08,101.65
2016,91,14.51,20.22,9.7,80.89,1.52,101.31
2016,92,16.85,24.58,9.12,77.88,2.73,101.02
2016,93,17.72,24.49,13.6,89.65,1.9,100.9
2016,94,12.47,15.91,8.74,87.62,4.28,101.23
2016,95,13.35,19.96,6.36,72.04,2.23,101.33
2016,96,15.96,21.75,9.9,78.24,3.13,101.12
2016,97,13.74,16.96,11.79,92.92,3.64,100.47
2016,98,14.43,19.73,10.33,86.04,1.57,101.03
2016,99,18.11,24.58,12.03,79.63,1.36,101.31
2016,100,18.32,24.82,12.49,76.85,1.95,100.97
2016,101,17.28,24.11,11.82,76.75,1.9,100.93
2016,102,16.07,21.69,11.44,77.29,3.56,101.26
2016,103,17.66,22.5,13.44,82.43,2.73,100.66
2016,104,20.85,26.64,14.32,73.58,0.98,100.37
2016,105,20.98,27.33,16.11,73.86,2.5,100.88
2016,106,18.33,23.53,14.03,74.82,4.52,100.97
2016,107,16.94,23.57,12.87,87.78,4.74,100.11
2016,108,13.12,18.07,8.13,74.58,1.56,101.36
2016,109,15.36,22.29,8.71,74.02,2.37,101.49
2016,110,17.13,24.48,10.05,69.89,4.17,101.47
2016,111,17.09,19.72,14.34,91.64,2.74,100.77
2016,112,19.67,25.86,14.43,78.1,2.86,100.71
2016,113,20.0,26.26,13.67,78.18,1.99,100.66
2016,114,15.64,17.25,12.45,87.61,4.05,100.81
2016,115,15.51,20.12,12.08,81.98,3.23,101.14
2016,116,15.78,20.5,12.47,78.25,3.29,101.15
2016,117,15.59,19.07,11.8,90.67,3.19,100.87
2016,118,13.66,17.71,9.86,81.22,2.86,100.8
2016,119,17.37,23.68,9.92,70.76,2.2,101.19
2016,120,18.89,25.38,12.5,67.83,1.68,101.26
2016,121,21.05,27.78,13.79,74.83,2.63,100.74
2016,122,22.8,29.07,16.76,77.46,2.37,100.49
2016,123,22.07,25.52,14.96,91.87,3.13,100.06
2016,124,17.85,24.34,12.11,65.1,4.77,100.67
2016,125,21.01,28.92,12.67,68.01,2.53,100.7
2016,126,21.98,24.6,18.99,93.2,2.75,100.18
2016,127,22.3,28.21,16.18,81.21,2.96,100.55
2016,128,17.32,21.92,12.96,66.81,4.35,101.18
2016,129,14.99,17.53,13.08,85.57,2.98,101.11
2016,130,16.71,20.82,12.92,87.56,1.03,100.77
2016,131,17.84,22.61,12.98,73.22,2.68,100.76
2016,132,19.64,26.52,12.39,75.9,2.34,100.72
2016,133,21.95,29.55,13.36,70.86,3.16,100.65
2016,134,17.34,22.09,13.75,74.85,4.58,101.64
2016,135,20.36,25.89,13.2,84.84,3.48,101.21
2016,136,16.35,21.97,12.62,90.05,4.09,101.07
2016,137,17.41,24.56,9.26,62.34,1.43,101.32
2016,138,18.21,25.65,11.27,63.8,2.72,101.25
2016,139,17.31,23.06,12.02,71.25,3.48,101.18
2016,140,20.11,26.66,13.63,73.3,3.33,100.94
2016,141,19.02,23.46,16.05,84.93,4.61,100.93
2016,142,17.62,19.58,16.11,92.18,5.09,100.97
2016,143,18.21,22.15,15.31,86.09,3.38,101.02
2016,144,19.85,25.03,15.69,83.69,1.84,100.81
2016,145,20.96,25.38,16.88,76.13,1.5,100.62
2016,146,23.78,28.89,16.27,76.02,1.28,100.45
2016,147,23.1,26.54,18.73,81.01,1.84,100.63
2016,148,20.39,22.79,18.54,90.37,2.83,100.71
2016,149,21.56,25.22,18.41,87.15,1.56,100.41
2016,150,21.56,25.08,18.35,80.14,2.18,100.43
2016,151,23.16,27.95,17.78,79.06,1.29,100.5
2016,152,25.66,29.4,21.04,85.19,1.94,100.18
2016,153,20.62,24.67,17.44,87.07,4.26,100.24
2016,154,20.1,24.68,15.29,83.24,2.62,100.57
2016,155,20.0,23.24,17.75,88.67,3.54,100.32
2016,156,19.96,24.72,16.06,80.71,3.03,100.48
2016,157,21.43,26.89,15.52,80.02,2.3,100.7
2016,158,22.58,26.09,18.88,88.81,3.01,100.54
2016,159,22.91,27.33,18.22,84.62,2.17,100.6
2016,160,21.29,24.71,18.38,88.86,2.64,100.53
2016,161,22.2,27.14,16.72,82.35,2.4,100.67
2016,162,25.35,29.85,20.35,81.9,1.97,100.43
2016,163,27.43,31.56,22.97,80.04,0.87,100.31
2016,164,24.8,28.05,20.88,86.65,2.05,100.17
2016,165,24.93,30.06,19.71,78.68,1.57,100.04
2016,166,26.74,31.71,20.95,81.7,2.79,99.73
2016,167,25.73,29.84,20.49,80.79,2.62,99.82
2016,168,23.71,29.18,18.36,72.52,1.68,100.2
2016,169,25.49,30.96,19.25,75.44,2.55,100.29
2016,170,26.96,31.96,20.71,78.48,2.01,100.32
2016,171,26.6,28.82,24.47,89.52,2.56,100.32
2016,172,26.57,30.32,23.3,88.32,1.67,100.12
2016,173,27.59,30.51,24.6,91.64,2.87,100.1
2016,174,28.02,29.7,26.63,92.43,2.44,100.08
2016,175,29.33,32.31,26.08,89.64,2.53,99.96
2016,176,24.92,28.04,22.08,88.83,3.08,100.19
2016,177,24.14,28.5,20.19,84.49,1.51,100.71
2016,178,22.95,27.78,19.38,82.26,2.0,100.76
2016,179,22.81,25.8,20.42,89.33,1.27,100.41
2016,180,22.96,25.3,20.83,92.06,1.03,100.43
2016,181,26.25,31.5,21.32,88.87,1.96,100.43
2016,182,27.27,29.73,23.67,90.3,2.7,100.4
2016,183,25.44,27.47,22.02,93.55,4.59,100.01
2016,184,21.99,23.6,20.22,91.55,3.08,100.32
2016,185,24.56,29.17,21.68,92.05,2.3,100.11
2016,186,25.43,28.02,22.8,93.79,3.68,100.09
2016,187,24.93,26.76,22.88,92.39,2.06,100.57
2016,188,25.16,27.55,22.45,95.59,1.87,100.77
2016,189,27.64,31.02,24.92,89.87,2.27,100.6
2016,190,27.3,30.68,24.11,88.8,3.14,100.34
2016,191,26.72,30.54,23.1,88.83,3.12,100.1
2016,192,25.44,28.52,23.33,89.86,3.88,99.93
2016,193,26.95,30.84,23.22,90.56,2.22,99.67
2016,194,28.82,32.43,25.01,83.85,1.53,99.67
2016,195,28.71,31.53,26.03,89.51,1.77,99.77
2016,196,28.04,29.79,26.07,91.77,1.26,99.9
2016,197,27.6,31.01,22.85,92.7,3.08,99.61
2016,198,24.43,27.93,20.23,84.92,1.56,100.12
2016,199,26.97,31.0,22.05,85.42,1.63,100.33
2016,200,27.96,31.22,25.59,90.08,2.21,100.21
2016,201,27.89,29.88,26.11,90.9,2.37,100.07
2016,202,29.15,32.6,26.0,86.08,4.13,99.98
2016,203,29.81,33.18,26.4,84.78,3.56,100.19
2016,204,30.19,33.63,26.89,83.95,2.58,100.23
2016,205,30.88,34.69,26.85,82.08,2.15,100.24
2016,206,31.97,35.58,27.35,76.8,1.37,100.35
2016,207,32.09,36.35,27.41,76.85,1.65,100.32
2016,208,31.88,35.47,27.81,80.99,1.78,100.16
2016,209,32.15,34.92,28.72,78.7,1.61,100.08
2016,210,30.65,33.64,28.43,85.49,2.02,100.16
2016,211,31.68,35.65,28.16,79.48,1.33,100.27
2016,212,31.68,35.82,28.11,77.31,1.6,100.36
2016,213,29.98,34.19,26.51,83.47,3.02,100.41
2016,214,29.42,33.32,25.92,83.85,2.82,100.35
2016,215,28.61,32.2,25.62,87.82,2.01,100.25
2016,216,27.12,29.39,25.21,90.87,1.21,100.4
2016,217,28.47,31.69,25.35,81.84,0.58,100.49
2016,218,28.31,32.01,24.97,84.33,1.25,100.45
2016,219,28.52,31.51,25.74,86.84,1.34,100.17
2016,220,28.7,32.54,26.02,85.34,2.29,100.01
2016,221,28.73,32.78,25.39,83.58,2.64,100.12
2016,222,28.57,32.35,25.29,84.97,3.31,100.2
2016,223,29.39,33.14,26.2,85.36,3.34,100.26
2016,224,29.71,33.77,26.41,83.75,2.86,100.35
2016,225,29.49,33.53,25.33,85.91,2.81,100.23
2016,226,29.92,33.62,26.36,83.74,2.48,100.08
2016,227,29.99,34.32,26.32,81.75,2.45,100.05
2016,228,29.31,33.9,25.27,82.25,2.43,99.96
2016,229,29.15,33.35,25.54,82.75,2.78,99.94
2016,230,28.63,33.42,24.66,80.88,3.06,99.92
2016,231,29.81,34.65,24.82,80.6,2.11,99.83
2016,232,30.64,35.08,27.02,81.14,1.19,99.93
2016,233,30.07,34.31,27.15,85.36,1.21,100.05
2016,234,29.12,32.94,25.59,84.57,1.38,100.11
2016,235,29.53,33.69,26.59,82.28,2.6,100.39
2016,236,28.33,32.24,24.89,81.37,2.29,100.36
2016,237,26.98,31.95,23.1,74.66,2.42,100.21
2016,238,27.56,33.18,22.09,76.88,2.02,100.15
2016,239,25.79,30.12,20.41,80.68,4.25,100.6
2016,240,23.12,28.85,18.54,64.34,2.47,100.78
2016,241,23.44,30.03,17.06,62.98,2.88,100.69
2016,242,24.12,29.94,19.34,60.23,1.69,100.69
2016,243,24.25,30.08,18.56,57.61,2.1,100.47
2016,244,24.7,31.26,18.02,63.06,2.62,99.99
2016,245,26.46,33.19,20.0,70.83,3.07,99.75
2016,246,27.07,34.81,20.7,59.86,1.84,100.0
2016,247,27.18,35.16,20.08,59.27,1.8,100.36
2016,248,25.93,32.2,21.39,59.82,2.0,100.69
2016,249,26.09,33.47,19.57,61.64,1.9,100.74
2016,250,25.3,30.68,20.73,70.09,2.26,100.7
2016,251,24.1,30.09,19.5,72.74,1.33,100.52
2016,252,26.05,31.76,20.42,69.63,0.85,100.58
2016,253,27.36,34.4,22.32,60.64,1.66,100.66
2016,254,27.08,34.06,21.66,60.61,1.49,100.69
2016,255,24.28,29.65,19.4,73.38,1.97,100.95
2016,256,24.89,32.32,18.04,68.64,1.97,101.26
2016,257,25.95,32.66,20.23,64.71,2.38,101.34
2016,258,23.93,30.15,19.6,75.34,3.25,101.28
2016,259,22.09,24.44,19.96,90.15,4.5,100.99
2016,260,22.52,24.24,21.06,93.26,6.18,100.28
2016,261,23.22,28.32,19.71,85.08,4.06,100.75
2016,262,22.29,27.87,18.16,81.13,3.17,100.94
2016,263,20.59,25.94,16.58,78.88,3.4,101.17
2016,264,19.64,25.06,14.98,74.17,2.13,101.52
2016,265,20.11,24.67,16.47,82.52,1.48,101.63
2016,266,21.22,26.8,16.22,81.42,1.65,101.4
2016,267,22.44,27.68,18.31,84.03,2.25,101.17
2016,268,23.49,28.8,18.84,82.85,2.64,100.96
2016,269,23.99,29.35,20.09,79.61,3.05,100.94
2016,270,24.85,30.5,20.89,80.22,2.87,100.84
2016,271,25.78,31.01,20.94,83.87,2.89,100.82
2016,272,20.94,23.78,16.51,89.53,6.48,101.06
2016,273,17.48,19.4,16.19,91.49,4.85,101.15
2016,274,18.91,21.37,16.36,95.05,3.59,100.95
2016,275,22.1,25.82,18.83,92.41,1.19,101.05
2016,276,22.72,26.86,19.97,90.21,2.1,100.87
2016,277,21.53,26.87,17.42,85.96,2.09,100.92
2016,278,21.18,26.71,15.03,88.12,1.91,100.93
2016,279,21.78,26.78,17.59,83.74,2.16,101.16
2016,280,20.72,25.51,17.67,83.17,4.3,101.64
2016,281,19.98,24.39,17.25,91.42,2.91,101.34
2016,282,18.05,22.58,12.22,80.6,3.92,101.47
2016,283,14.82,20.8,9.87,77.9,3.6,101.85
2016,284,15.73,21.42,10.67,80.24,2.91,101.73
2016,285,16.38,20.16,12.45,85.18,2.67,101.74
2016,286,17.38,21.1,14.75,83.58,2.04,101.98
2016,287,16.9,19.63,15.17,85.94,2.8,101.91
2016,288,16.76,20.12,14.37,88.73,2.66,101.88
2016,289,19.55,22.97,16.51,89.92,3.28,101.64
2016,290,19.6,23.98,15.77,88.08,2.02,101.55
2016,291,18.48,23.23,13.81,86.58,2.06,101.63
2016,292,19.34,22.55,17.29,89.81,3.21,101.57
2016,293,19.77,22.3,18.3,91.83,2.56,101.33
2016,294,19.55,21.02,18.38,93.81,3.29,101.19
2016,295,20.4,23.46,18.41,93.44,3.92,100.91
2016,296,19.85,21.83,18.34,94.31,4.68,100.76
2016,297,18.04,21.55,14.87,89.81,3.68,101.23
2016,298,18.09,22.88,13.39,88.31,1.66,101.17
2016,299,15.57,18.7,12.82,87.41,2.36,101.28
2016,300,16.84,20.53,14.59,93.34,3.05,101.4
2016,301,16.62,18.59,14.73,93.69,3.34,101.47
2016,302,13.59,16.33,11.53,91.34,4.05,101.96
2016,303,10.58,13.06,8.45,85.5,3.57,102.77
2016,304,11.23,15.0,7.15,84.89,2.0,102.53
2016,305,12.47,14.52,8.74,93.21,2.7,102.5
2016,306,8.89,13.64,5.26,83.3,3.25,102.97
2016,307,10.21,16.23,3.38,73.07,0.8,102.65
2016,308,11.57,17.67,7.18,76.36,1.31,102.17
2016,309,12.93,19.5,8.17,84.05,2.12,101.29
2016,310,14.77,22.05,7.84,81.84,1.4,101.05
2016,311,15.11,21.21,9.94,90.65,2.93,101.63
2016,312,13.97,17.13,10.64,95.67,4.44,101.81
2016,313,8.72,12.0,5.32,82.21,4.94,102.79
2016,314,7.9,11.95,4.08,85.49,2.35,102.74
2016,315,8.72,13.18,5.68,86.44,2.52,102.05
2016,316,11.11,17.86,6.43,87.25,2.58,101.71
2016,317,12.82,17.85,8.79,87.91,1.7,101.57
2016,318,15.2,20.58,9.68,91.69,1.24,101.49
2016,319,15.41,20.33,12.29,89.25,1.81,101.47
2016,320,12.02,16.67,8.17,84.72,3.71,102.07
2016,321,11.85,16.39,7.28,89.68,3.1,101.8
2016,322,13.59,16.8,11.46,93.96,2.54,101.64
2016,323,15.26,19.3,11.86,94.4,1.28,101.1
2016,324,16.95,20.66,14.45,92.53,1.45,101.23
2016,325,15.37,17.71,13.44,93.39,3.43,101.57
2016,326,14.54,18.37,11.84,92.47,2.84,101.43
2016,327,4.95,12.66,0.33,89.13,6.56,102.62
2016,328,-0.24,2.42,-3.76,88.36,4.28,103.09
2016,329,-1.27,3.42,-5.84,80.76,1.77,102.89
2016,330,3.04,8.21,-2.78,82.62,1.54,102.42
2016,331,4.65,8.76,1.52,81.7,2.66,102.19
2016,332,5.0,12.65,-0.82,83.19,1.78,102.32
2016,333,4.81,10.86,-0.31,85.69,2.14,102.87
2016,334,6.33,10.49,2.0,90.42,2.44,102.88
2016,335,7.7,12.16,5.66,90.68,1.93,102.57
2016,336,7.04,12.89,2.43,87.88,1.77,102.78
2016,337,7.19,12.7,2.35,82.59,2.24,102.85
2016,338,8.46,13.71,3.4,86.01,1.84,102.22
2016,339,9.8,15.91,5.56,85.92,2.05,101.71
2016,340,9.17,17.22,3.99,87.95,3.34,102.0
2016,341,4.4,10.17,-1.14,81.58,1.9,102.63
2016,342,7.01,12.95,1.41,82.61,1.49,102.06
2016,343,8.16,15.43,2.31,85.99,2.16,101.59
2016,344,6.33,11.64,2.24,86.22,3.79,102.01
2016,345,6.08,11.11,3.45,88.07,3.54,102.35
2016,346,6.95,12.04,2.52,89.47,4.0,102.08
2016,347,10.21,15.36,6.24,91.73,1.43,101.65
2016,348,9.14,11.91,4.19,93.63,3.52,101.84
2016,349,2.6,5.63,-0.99,79.82,3.79,102.79
2016,350,1.75,7.07,-3.5,71.12,1.85,103.01
2016,351,2.34,8.32,-2.63,75.51,1.39,102.98
2016,352,3.69,11.43,-2.22,83.69,2.42,102.44
2016,353,6.78,12.8,0.91,83.9,1.65,102.15
2016,354,9.55,14.73,4.96,85.05,1.89,102.0
2016,355,9.63,12.39,7.29,91.77,3.51,102.09
2016,356,8.24,10.59,4.15,94.19,3.71,101.68
2016,357,5.15,10.87,2.21,90.72,2.71,102.1
2016,358,3.78,7.95,1.29,85.08,2.34,102.61
2016,359,3.75,8.05,-0.38,86.87,3.71,102.55
2016,360,7.05,10.11,3.93,95.69,3.36,102.11
2016,361,6.25,7.65,4.46,95.06,3.4,102.12
2016,362,1.24,5.01,-3.18,80.23,3.63,103.08
2016,363,0.16,5.32,-3.83,77.0,1.47,102.99
2016,364,0.07,5.45,-3.05,81.72,2.01,103.22
2016,365,1.58,7.44,-3.3,86.86,2.03,102.87
2016,366,3.68,10.45,0.36,84.02,1.11,102.62
2017,1,4.99,12.04,-0.55,94.77,1.75,102.19
2017,2,7.21,12.58,3.94,92.62,2.23,102.2
2017,3,6.33,12.32,2.92,92.01,1.94,102.21
2017,4,8.13,11.28,4.97,96.1,2.67,101.9
2017,5,7.9,9.52,5.98,94.57,4.76,101.84
2017,6,7.47,9.74,5.51,95.04,3.27,101.91
2017,7,8.55,11.08,5.26,95.63,3.37,101.37
2017,8,5.18,8.1,0.98,92.12,3.75,101.76
2017,9,2.43,7.56,-0.82,87.84,2.0,102.23
2017,10,3.04,7.98,-0.77,86.89,2.08,102.48
2017,11,3.49,7.48,-1.45,81.02,1.46,102.52
2017,12,4.32,9.56,0.29,84.46,1.94,102.05
2017,13,3.13,10.32,-2.09,82.5,2.38,101.99
2017,14,0.41,5.6,-3.33,78.88,3.11,102.64
2017,15,0.94,5.65,-2.68,85.45,2.78,102.8
2017,16,0.88,6.37,-3.25,86.03,2.7,102.68
2017,17,2.96,7.77,-1.4,89.37,2.42,102.59
2017,18,4.29,6.3,2.05,96.46,3.18,102.58
2017,19,4.17,8.16,-0.72,88.73,2.72,102.56
2017,20,-1.94,2.56,-4.86,72.29,3.1,103.14
2017,21,0.2,6.03,-4.18,73.8,1.97,102.83
2017,22,-0.27,5.88,-4.14,73.59,2.35,103.13
2017,23,0.3,6.03,-3.12,76.7,3.12,103.2
2017,24,1.76,6.87,-2.75,84.96,3.74,103.16
2017,25,3.68,9.82,-0.17,88.24,2.63,103.01
2017,26,5.14,13.02,-0.78,87.98,2.42,102.5
2017,27,4.39,8.75,0.41,85.42,3.91,102.57
2017,28,6.78,14.17,-0.25,91.0,3.48,101.77
2017,29,6.41,10.8,2.11,93.0,3.49,101.75
2017,30,-0.51,3.69,-4.04,80.41,4.26,103.05
2017,31,0.38,5.33,-4.37,80.53,2.24,102.74
2017,32,1.39,5.75,-1.37,83.66,2.86,103.09
2017,33,2.13,7.28,-1.91,81.67,2.49,102.93
2017,34,4.28,7.45,0.77,92.19,1.19,102.2
2017,35,5.62,9.22,2.21,90.09,1.07,101.71
2017,36,5.45,10.89,2.17,88.67,1.65,101.85
2017,37,3.64,8.73,-0.02,83.07,3.68,102.35
2017,38,3.41,8.42,-1.6,86.03,3.55,102.31
2017,39,1.52,3.88,-2.14,90.62,3.86,102.32
2017,40,-0.07,5.88,-3.55,76.8,3.29,102.54
2017,41,-0.46,5.94,-4.9,65.55,2.76,102.71
2017,42,2.09,8.49,-3.95,56.99,1.2,102.9
2017,43,3.9,11.45,-2.09,64.02,1.57,102.74
2017,44,5.72,14.52,-1.54,65.83,1.64,102.85
2017,45,5.81,12.23,0.04,74.64,2.45,103.04
2017,46,7.78,16.49,0.07,78.35,2.52,102.33
2017,47,11.26,19.41,5.67,86.91,2.44,101.42
2017,48,6.78,10.84,2.12,81.27,4.67,102.32
2017,49,6.13,13.48,-0.73,79.76,2.26,102.43
2017,50,11.65,20.4,4.75,90.88,3.9,101.05
2017,51,7.5,14.17,1.18,76.45,5.78,101.84
2017,52,4.9,9.62,0.48,82.88,4.88,102.16
2017,53,2.68,5.8,-1.25,88.87,3.82,101.83
2017,54,2.64,8.94,-2.35,79.88,2.65,102.52
2017,55,4.69,10.63,-1.5,70.65,1.08,102.56
2017,56,7.47,12.87,1.56,67.41,1.12,102.23
2017,57,8.98,14.56,3.95,67.7,1.38,102.24
2017,58,7.75,14.89,1.78,77.59,2.07,102.4
2017,59,8.86,16.07,2.3,75.59,2.56,101.98
2017,60,8.8,16.35,1.81,75.13,5.43,101.77
2017,61,4.74,11.15,-2.07,64.9,1.67,102.27
2017,62,7.7,14.07,-0.08,64.55,2.07,101.52
2017,63,11.06,16.16,5.72,64.48,0.99,101.31
2017,64,11.27,16.18,6.1,82.44,2.25,101.4
2017,65,6.52,11.21,0.96,68.22,2.53,101.9
2017,66,7.51,14.74,0.84,71.77,1.82,101.82
2017,67,7.1,13.48,0.0,65.43,1.89,101.91
2017,68,10.2,17.0,3.12,58.79,1.37,101.54
2017,69,12.22,20.17,6.98,74.49,1.97,101.35
2017,70,11.62,17.86,6.8,85.52,3.23,101.6
2017,71,11.27,15.76,7.82,90.74,2.97,101.49
2017,72,6.76,9.68,3.05,85.56,4.35,101.88
2017,73,5.87,13.08,-0.41,68.89,2.87,102.35
2017,74,7.54,14.51,0.71,67.8,2.39,102.15
2017,75,8.37,14.09,3.16,75.99,1.9,101.87
2017,76,9.1,15.23,3.55,78.69,2.77,101.89
2017,77,9.89,14.33,6.38,84.68,2.27,101.98
2017,78,9.41,12.16,7.33,89.52,3.86,101.96
2017,79,9.2,12.04,7.47,90.57,3.11,101.53
2017,80,9.82,15.82,5.22,79.18,2.8,102.04
2017,81,7.34,10.2,5.13,87.92,4.15,101.63
2017,82,8.56,11.96,5.79,88.65,2.68,101.81
2017,83,7.58,9.9,5.51,88.37,2.18,101.92
2017,84,9.24,15.05,3.49,78.14,2.48,101.95
2017,85,10.0,17.01,3.68,68.48,3.3,102.02
2017,86,12.12,19.9,4.06,60.32,1.97,102.02
2017,87,14.87,21.29,8.36,77.98,3.69,101.43
2017,88,11.91,17.75,7.62,79.41,2.43,101.89
2017,89,10.79,14.73,7.42,86.58,4.21,101.74
2017,90,10.58,16.65,5.98,79.08,3.01,102.0
2017,91,11.98,17.83,6.43,67.87,1.94,101.9
2017,92,14.18,22.05,6.38,66.51,1.38,101.9
2017,93,15.17,22.63,7.97,69.36,3.2,101.81
2017,94,16.87,22.76,11.9,78.67,2.52,101.31
2017,95,17.58,21.36,15.1,89.19,1.67,100.89
2017,96,15.58,18.23,12.88,92.66,2.51,100.87
2017,97,16.15,21.12,11.57,85.71,2.07,101.0
2017,98,17.4,22.48,12.48,89.75,3.25,100.88
2017,99,11.78,15.45,9.06,80.54,5.34,101.01
2017,100,8.98,11.98,7.29,82.47,3.53,100.92
2017,101,11.01,15.93,6.37,81.7,2.12,101.25
2017,102,12.92,19.03,6.98,67.0,1.64,101.69
2017,103,15.01,23.14,6.73,68.56,2.43,101.47
2017,104,18.41,26.01,11.29,79.51,2.73,100.85
2017,105,20.76,28.44,13.51,75.31,1.52,100.86
2017,106,22.41,28.64,16.55,81.79,1.79,100.65
2017,107,19.48,24.35,15.12,77.6,3.76,100.29
2017,108,19.92,25.9,14.81,67.5,3.69,100.31
2017,109,19.05,25.91,12.07,74.48,3.76,100.5
2017,110,17.92,22.06,14.39,80.01,3.24,100.68
2017,111,15.89,20.03,12.79,75.62,2.5,100.97
2017,112,15.69,21.44,8.75,64.96,2.02,101.32
2017,113,16.61,23.71,9.29,66.24,2.29,101.22
2017,114,18.77,26.64,10.2,73.79,2.46,101.05
2017,115,18.28,22.24,15.71,88.74,2.92,101.01
2017,116,16.34,20.17,11.37,81.7,3.33,101.5
2017,117,16.1,21.96,8.92,54.81,1.6,101.59
2017,118,17.25,25.02,9.17,65.34,3.18,101.07
2017,119,19.41,27.76,11.4,70.74,3.17,100.84
2017,120,21.1,28.22,12.68,64.86,2.1,100.76
2017,121,21.59,27.36,16.32,67.77,2.25,100.93
2017,122,17.85,20.72,15.73,85.18,4.32,101.25
2017,123,19.44,23.67,15.28,83.84,5.12,101.03
2017,124,20.18,24.16,16.11,85.91,4.61,100.65
2017,125,20.32,25.8,14.24,77.24,2.49,101.33
2017,126,20.19,24.78,15.32,74.83,1.64,101.6
2017,127,21.65,27.17,15.67,66.89,1.55,101.38
2017,128,17.0,18.33,14.82,89.52,2.43,100.62
2017,129,18.45,24.45,12.52,74.97,3.66,100.76
2017,130,22.67,30.14,15.63,74.78,3.29,100.91
2017,131,21.18,26.2,18.23,83.93,2.34,100.88
2017,132,20.88,25.66,17.77,80.59,2.12,100.72
2017,133,23.59,31.23,15.75,74.79,3.11,100.5
2017,134,20.79,26.92,15.59,67.85,3.09,100.95
2017,135,17.34,21.21,14.17,73.16,2.72,101.08
2017,136,19.46,25.48,13.95,62.75,2.21,100.89
2017,137,20.31,27.21,13.16,64.78,2.17,100.84
2017,138,21.68,29.66,13.34,66.77,2.54,101.04
2017,139,22.51,28.53,17.62,76.58,2.4,100.92
2017,140,23.36,29.82,16.29,73.92,1.3,100.72
2017,141,23.96,29.37,18.47,79.19,2.64,100.62
2017,142,24.55,30.26,19.23,77.11,2.9,100.57
2017,143,22.03,24.77,16.96,87.56,3.73,100.51
2017,144,19.29,25.04,15.51,73.77,3.13,100.87
2017,145,21.65,29.17,13.18,57.54,1.47,100.83
2017,146,22.92,30.01,15.43,63.81,1.38,100.86
2017,147,24.99,32.32,16.89,63.83,1.97,100.78
2017,148,25.75,33.49,18.62,59.22,2.37,100.78
2017,149,25.28,33.88,17.03,58.85,2.93,100.73
2017,150,25.94,32.69,19.03,73.51,2.37,100.36
2017,151,26.54,31.33,23.13,73.17,0.99,99.93
2017,152,28.02,33.42,23.62,71.31,1.85,99.71
2017,153,26.4,32.64,20.86,69.12,3.15,100.05
2017,154,25.75,32.6,19.71,61.79,3.68,100.31
2017,155,23.75,30.92,18.16,56.3,4.47,100.62
2017,156,18.96,19.76,17.89,79.56,5.95,100.62
2017,157,20.92,24.52,17.99,79.77,3.51,100.45
2017,158,22.66,28.28,16.33,69.18,1.48,100.84
2017,159,25.35,30.97,19.16,66.48,1.37,100.77
2017,160,25.63,30.74,21.59,76.69,2.05,100.46
2017,161,22.82,26.78,19.39,93.93,2.98,99.99
2017,162,23.58,28.38,18.65,81.34,2.53,100.55
2017,163,22.91,26.89,19.57,80.1,3.22,100.7
2017,164,21.86,26.03,18.37,84.44,2.87,100.84
2017,165,22.44,26.87,17.63,80.41,1.65,100.94
2017,166,22.97,27.32,18.89,73.03,1.29,100.78
2017,167,22.32,28.5,16.73,65.11,2.12,100.55
2017,168,22.49,29.23,15.12,68.36,2.5,100.5
2017,169,23.14,28.57,17.97,74.45,3.06,100.44
2017,170,24.25,28.34,20.24,84.22,2.06,100.17
2017,171,26.38,31.16,21.4,76.18,0.89,99.97
2017,172,26.13,30.76,22.62,77.81,1.93,100.13
2017,173,25.17,29.85,20.88,81.14,2.61,100.25
2017,174,25.02,28.64,22.16,88.32,2.09,100.17
2017,175,26.16,30.13,20.82,77.54,1.44,99.87
2017,176,26.77,31.88,23.27,71.02,2.07,99.99
2017,177,26.71,31.65,21.58,66.38,1.59,100.34
2017,178,26.97,31.67,22.21,73.08,1.14,100.5
2017,179,26.72,31.08,22.48,75.76,1.57,100.6
2017,180,26.32,31.97,20.41,69.94,1.91,100.54
2017,181,24.99,26.97,22.98,90.3,2.02,100.29
2017,182,24.86,26.75,23.4,91.34,3.52,100.13
2017,183,25.93,28.03,23.17,90.97,3.59,100.08
2017,184,26.42,29.24,24.07,89.78,2.33,100.21
2017,185,27.22,30.01,24.51,86.84,2.32,100.3
2017,186,28.97,33.12,25.37,86.15,2.74,100.44
2017,187,28.44,31.3,25.67,88.06,2.55,100.37
2017,188,28.15,30.64,26.34,86.8,3.1,100.24
2017,189,28.35,30.86,26.22,86.13,3.25,100.22
2017,190,27.05,28.95,25.47,89.78,4.03,100.03
2017,191,26.85,29.93,24.33,89.55,2.58,99.97
2017,192,28.1,32.56,23.82,85.79,2.01,100.41
2017,193,28.66,31.35,25.81,85.44,2.27,100.51
2017,194,29.13,33.16,26.59,84.16,2.1,100.3
2017,195,29.28,33.41,26.07,81.32,1.97,100.24
2017,196,29.3,32.85,26.39,83.01,2.24,100.32
2017,197,30.08,33.76,26.15,75.67,1.2,100.54
2017,198,30.87,35.48,26.37,74.72,1.41,100.61
2017,199,29.51,32.33,27.04,81.51,2.39,100.59
2017,200,29.19,32.52,26.18,79.9,2.82,100.35
2017,201,29.67,33.62,26.38,77.11,2.94,100.3
2017,202,31.21,36.34,26.22,73.94,2.6,100.44
2017,203,32.18,37.53,26.19,68.87,1.39,100.54
2017,204,33.37,39.27,27.04,61.19,1.3,100.28
2017,205,33.18,39.35,27.21,63.11,1.65,100.04
2017,206,33.59,40.07,26.61,60.85,1.23,100.09
2017,207,33.31,39.11,27.92,68.79,2.04,100.1
2017,208,33.87,40.42,28.87,64.31,2.09,100.06
2017,209,33.47,39.87,27.99,61.6,2.58,100.26
2017,210,32.22,38.14,27.42,67.33,3.17,100.21
2017,211,31.59,37.1,27.01,70.46,3.38,99.87
2017,212,31.65,36.09,27.69,71.94,4.74,99.68
2017,213,29.98,34.64,26.77,73.73,5.94,99.63
2017,214,29.8,35.69,26.34,78.82,4.51,99.57
2017,215,29.4,33.31,26.32,81.78,3.38,99.48
2017,216,31.21,35.94,27.25,75.35,1.09,99.75
2017,217,32.81,38.26,28.13,67.55,1.35,99.85
2017,218,33.45,39.53,27.65,64.93,1.49,99.88
2017,219,32.5,37.04,28.93,73.53,1.73,99.85
2017,220,28.43,30.42,24.98,90.06,2.49,99.69
2017,221,27.44,31.86,24.33,82.59,1.93,99.64
2017,222,29.49,34.69,24.29,77.79,1.86,99.8
2017,223,30.33,34.78,26.23,75.78,1.7,100.15
2017,224,27.52,28.63,26.3,89.57,1.84,100.15
2017,225,27.45,31.52,25.19,89.16,2.78,100.06
2017,226,25.87,28.1,23.97,86.83,1.89,100.13
2017,227,26.92,30.38,23.41,82.75,1.71,100.27
2017,228,27.36,30.34,24.43,77.76,0.58,100.34
2017,229,27.13,30.98,22.96,82.17,1.15,100.49
2017,230,28.05,31.61,24.63,82.69,1.66,100.54
2017,231,28.33,32.02,25.06,85.88,1.5,100.39
2017,232,27.77,31.58,24.52,87.48,2.31,100.19
2017,233,27.17,31.3,23.35,80.78,1.65,100.3
2017,234,29.13,33.64,24.86,84.26,3.17,100.35
2017,235,30.16,34.28,26.14,82.3,2.43,100.4
2017,236,30.37,34.51,26.88,83.5,2.5,100.44
2017,237,26.18,29.16,20.68,91.08,2.6,100.64
2017,238,24.96,30.16,20.25,79.99,2.94,100.96
2017,239,27.78,33.08,22.91,82.91,2.54,100.8
2017,240,30.08,34.85,25.18,80.17,1.73,100.69
2017,241,25.67,29.84,21.68,86.39,4.59,101.02
2017,242,23.06,26.46,20.5,82.41,3.12,101.02
2017,243,21.41,23.67,19.56,86.19,2.97,101.0
2017,244,23.04,28.23,19.24,77.8,2.98,100.87
2017,245,22.38,25.67,19.12,84.31,3.06,100.79
2017,246,22.84,26.25,20.93,88.63,3.91,100.79
2017,247,24.27,28.19,21.39,89.85,1.66,100.64
2017,248,25.3,30.16,21.5,86.19,1.69,100.67
2017,249,24.73,28.46,22.3,88.04,1.74,100.56
2017,250,24.25,29.05,20.09,78.84,1.34,100.72
2017,251,24.71,29.41,19.7,79.24,1.49,100.78
2017,252,25.81,30.39,22.46,82.81,3.03,100.67
2017,253,26.34,30.34,22.92,88.73,2.31,100.44
2017,254,23.06,27.08,19.96,85.68,2.69,100.74
2017,255,23.48,29.21,17.49,80.47,1.97,101.32
2017,256,23.29,29.46,18.25,77.63,3.23,101.49
2017,257,22.16,29.21,16.08,77.11,3.72,101.32
2017,258,22.23,28.27,17.31,80.28,3.17,101.13
2017,259,22.15,28.04,17.02,76.25,2.39,101.0
2017,260,23.77,30.04,17.44,70.94,1.68,100.87
2017,261,25.35,31.31,18.74,64.9,1.36,100.75
2017,262,25.79,31.02,21.93,67.97,1.03,100.76
2017,263,21.81,23.87,19.19,86.72,2.51,100.99
2017,264,21.81,25.75,18.29,84.08,2.2,100.98
2017,265,23.75,28.81,19.23,80.98,1.06,100.96
2017,266,22.67,26.87,18.95,79.98,2.75,101.15
2017,267,21.71,25.76,18.16,91.05,2.67,100.8
2017,268,24.49,27.49,21.7,95.99,2.25,100.46
2017,269,25.95,30.98,22.59,89.9,2.08,100.5
2017,270,22.89,26.38,19.88,89.22,3.23,100.77
2017,271,20.73,25.25,16.93,73.4,2.28,101.25
2017,272,19.95,24.74,14.48,72.81,2.13,101.46
2017,273,21.45,24.27,18.12,92.05,3.22,101.33
2017,274,25.32,29.67,22.42,91.62,2.49,100.7
2017,275,22.12,25.94,18.98,90.72,3.3,100.98
2017,276,18.46,21.41,14.57,82.61,4.33,101.83
2017,277,15.76,19.21,13.12,84.98,3.55,102.14
2017,278,14.94,17.12,13.19,90.88,2.37,101.77
2017,279,16.65,21.93,11.48,84.14,1.39,101.66
2017,280,19.43,25.28,13.68,83.06,1.8,101.63
2017,281,22.17,27.82,17.72,87.55,2.81,101.58
2017,282,23.2,28.53,18.59,87.4,2.69,101.43
2017,283,23.75,29.42,17.28,88.24,2.68,101.42
2017,284,16.76,19.33,14.7,88.33,4.46,101.88
2017,285,14.32,16.08,13.15,90.89,3.51,101.98
2017,286,15.28,19.62,10.9,82.56,2.93,101.89
2017,287,16.12,20.63,13.18,83.22,4.01,101.91
2017,288,15.54,18.12,13.5,87.88,4.76,101.97
2017,289,16.63,19.87,14.43,88.03,4.45,102.07
2017,290,16.28,19.49,13.94,82.39,3.63,102.12
2017,291,15.11,19.13,12.78,83.44,2.62,101.92
2017,292,14.81,19.71,11.36,77.82,1.97,101.72
2017,293,15.8,21.24,10.86,82.34,2.05,101.67
2017,294,15.05,21.0,9.82,84.39,2.38,101.63
2017,295,15.08,21.69,9.62,85.17,2.68,101.49
2017,296,13.09,18.75,9.13,79.25,2.72,101.93
2017,297,12.59,19.34,6.96,72.77,1.71,102.34
2017,298,13.16,20.11,6.57,79.38,2.0,102.21
2017,299,16.03,21.45,12.13,84.54,1.29,101.77
2017,300,15.78,21.43,12.0,83.48,1.48,101.63
2017,301,14.36,21.01,9.01,81.45,2.03,101.82
2017,302,12.41,18.23,6.35,79.03,3.76,102.5
2017,303,9.15,15.36,2.52,66.22,1.71,102.77
2017,304,11.05,18.15,4.51,73.6,1.89,102.24
2017,305,14.33,21.19,6.93,69.65,1.01,101.73
2017,306,16.3,22.18,12.35,66.41,1.24,101.52
2017,307,14.37,21.52,8.55,82.02,3.26,102.15
2017,308,8.89,14.63,4.12,74.67,2.88,102.97
2017,309,9.58,16.71,3.28,81.68,2.76,102.48
2017,310,13.13,19.69,6.55,78.12,1.65,101.83
2017,311,14.33,17.48,12.12,75.4,1.1,101.79
2017,312,14.39,21.77,9.28,78.09,2.67,102.04
2017,313,13.18,20.92,7.5,80.26,3.38,101.86
2017,314,12.55,18.52,7.49,83.51,2.91,101.72
2017,315,9.97,16.1,4.64,71.13,2.47,102.13
2017,316,12.52,18.32,8.3,80.0,1.61,101.7
2017,317,13.56,17.67,10.43,80.94,1.26,101.5
2017,318,12.41,17.3,7.67,88.21,1.46,101.78
2017,319,12.39,18.82,7.03,82.56,1.48,101.9
2017,320,13.07,16.68,9.69,91.17,3.39,101.64
2017,321,14.64,19.12,10.07,90.3,4.03,101.26
2017,322,6.59,9.57,1.53,66.63,5.09,102.56
2017,323,4.45,10.14,-1.23,68.75,2.16,102.65
2017,324,5.76,11.04,1.85,79.55,1.86,102.64
2017,325,7.16,11.85,1.69,82.97,1.4,102.28
2017,326,7.73,14.77,2.81,77.13,2.28,102.15
2017,327,6.27,13.74,2.13,61.42,1.96,102.44
2017,328,6.29,14.16,-0.44,65.91,1.59,102.5
2017,329,8.57,16.26,2.98,67.25,2.3,102.22
2017,330,7.93,15.47,2.97,80.27,2.88,102.35
2017,331,8.69,16.22,2.35,87.42,3.13,102.03
2017,332,12.77,18.53,6.82,76.38,1.54,101.84
2017,333,9.6,12.09,6.75,79.75,4.22,102.41
2017,334,6.72,10.57,3.27,79.65,3.27,102.75
2017,335,4.39,10.37,-0.11,76.23,2.12,102.86
2017,336,5.37,11.93,0.01,86.44,2.21,102.4
2017,337,8.23,13.64,4.06,85.79,1.11,102.15
2017,338,6.5,11.61,2.62,77.93,2.68,102.51
2017,339,2.97,8.56,-3.2,58.35,1.66,102.59
2017,340,4.47,11.08,-2.62,57.74,1.33,102.12
2017,341,5.17,11.21,1.16,64.72,1.62,102.26
2017,342,2.18,7.31,-2.01,62.58,2.93,102.8
2017,343,2.78,9.61,-1.39,60.15,2.0,101.92
2017,344,4.75,12.1,0.48,66.39,3.28,101.92
2017,345,3.77,12.02,-1.28,59.97,1.42,102.37
2017,346,2.85,9.23,-1.27,78.29,4.05,102.63
2017,347,3.79,9.85,-0.91,79.03,4.39,102.71
2017,348,4.07,7.22,1.74,89.07,3.86,102.68
2017,349,4.29,7.0,2.71,91.46,2.63,102.6
2017,350,1.53,6.89,-4.48,71.65,3.55,103.26
2017,351,-0.58,4.9,-5.5,54.27,1.52,103.35
2017,352,1.46,7.99,-3.42,58.52,1.92,103.0
2017,353,2.4,8.66,-3.08,61.18,2.06,103.29
2017,354,2.62,10.97,-2.51,63.82,2.68,103.1
2017,355,3.3,11.66,-2.82,60.0,1.78,102.83
2017,356,5.78,15.1,-1.04,67.47,1.83,102.16
2017,357,5.92,11.8,1.65,84.22,1.45,101.72
2017,358,4.33,10.99,-0.56,73.14,3.6,102.12
2017,359,1.97,9.66,-3.72,67.4,1.57,102.48
2017,360,3.3,11.15,-1.67,68.17,1.8,102.52
2017,361,3.85,9.93,-1.78,84.72,3.2,102.51
2017,362,5.8,9.34,3.65,94.03,1.81,102.22
2017,363,7.51,13.43,2.6,87.19,1.03,102.5
2017,364,6.23,11.0,1.43,87.65,2.61,102.55
2017,365,3.77,10.79,-0.37,74.75,1.18,102.56
2018,1,4.05,11.4,-1.47,78.24,3.0,102.34
2018,2,6.77,12.04,2.26,86.18,2.51,102.21
2018,3,3.87,6.7,0.83,90.5,6.04,102.79
2018,4,0.3,0.81,-1.08,94.87,4.47,102.47
2018,5,-3.01,0.54,-8.57,94.07,2.47,102.46
2018,6,-1.88,1.56,-8.64,94.22,2.52,102.2
2018,7,0.98,2.57,-1.17,95.59,2.9,101.72
2018,8,-2.19,2.59,-6.01,87.14,4.73,102.01
2018,9,-2.58,4.66,-8.89,77.48,4.1,102.3
2018,10,-1.98,4.5,-5.57,74.98,2.61,102.7
2018,11,-2.01,5.07,-6.21,73.75,2.03,103.12
2018,12,-2.73,2.25,-6.36,61.61,1.08,103.32
2018,13,-0.22,6.12,-4.37,71.09,2.18,102.89
2018,14,3.2,10.5,-2.11,69.29,2.19,102.28
2018,15,5.41,13.24,1.17,70.24,1.91,101.94
2018,16,5.05,9.21,2.74,91.67,1.64,101.45
2018,17,5.45,10.82,1.23,84.6,1.23,101.76
2018,18,4.61,9.68,0.73,88.58,2.3,102.16
2018,19,4.36,8.46,1.06,86.91,1.37,102.22
2018,20,4.38,10.29,0.08,88.79,1.43,102.05
2018,21,4.83,9.49,1.51,89.76,2.08,101.84
2018,22,4.1,10.87,0.32,90.23,1.99,101.78
2018,23,1.53,5.38,-1.71,82.19,4.03,102.27
2018,24,-1.07,3.03,-4.07,69.58,4.68,102.62
2018,25,-1.9,0.98,-3.71,88.58,5.46,102.74
2018,26,-3.61,0.02,-6.46,83.53,3.82,103.06
2018,27,-3.09,0.24,-6.53,92.63,3.23,102.54
2018,28,-4.19,-0.31,-9.55,94.24,3.45,102.57
2018,29,-7.02,-0.92,-11.42,83.7,1.85,102.88
2018,30,-4.37,1.01,-9.24,75.38,1.0,102.7
2018,31,-2.89,2.12,-7.43,69.88,1.44,102.76
2018,32,-1.05,4.66,-6.72,66.98,0.94,102.75
2018,33,-0.03,4.94,-4.77,67.68,2.39,103.04
2018,34,-3.49,1.2,-6.96,69.2,2.67,103.39
2018,35,-1.9,2.58,-5.98,55.44,1.65,103.27
2018,36,-0.95,5.25,-6.57,63.43,1.9,102.96
2018,37,-1.41,3.93,-5.59,70.26,2.22,102.77
2018,38,0.45,7.92,-4.24,78.54,2.78,102.3
2018,39,0.09,6.74,-4.49,63.27,1.95,102.22
2018,40,3.14,10.69,-1.85,79.78,2.0,101.69
2018,41,1.88,5.97,-1.01,75.51,3.04,102.45
2018,42,1.67,9.17,-3.89,62.88,3.55,102.66
2018,43,0.22,7.19,-4.66,56.39,3.16,102.76
2018,44,4.05,12.6,-3.1,64.34,2.44,102.08
2018,45,9.01,17.95,0.04,67.21,1.86,101.42
2018,46,6.28,10.88,2.56,82.04,4.32,101.81
2018,47,4.44,8.83,1.11,87.35,1.94,101.87
2018,48,5.1,11.5,0.25,78.36,3.78,102.01
2018,49,4.7,8.15,2.0,92.44,3.24,101.78
2018,50,4.72,7.79,2.5,91.13,3.18,101.98
2018,51,4.29,8.54,1.16,88.49,3.33,102.04
2018,52,4.23,8.8,0.28,83.07,1.66,102.27
2018,53,5.58,11.27,2.47,76.32,1.7,102.15
2018,54,7.4,15.44,0.0,75.73,2.93,101.89
2018,55,8.42,15.38,2.81,80.81,3.62,101.99
2018,56,7.08,11.2,2.74,77.05,1.95,102.34
2018,57,8.04,16.1,0.85,81.46,2.29,102.01
2018,58,10.82,18.38,4.77,83.12,3.05,101.35
2018,59,10.54,14.91,6.48,85.51,3.94,100.81
2018,60,7.99,13.81,3.76,78.75,4.15,101.46
2018,61,6.49,11.26,1.73,87.06,3.7,101.3
2018,62,12.44,19.97,5.9,90.06,2.14,100.68
2018,63,16.07,24.48,6.17,90.48,4.96,100.35
2018,64,6.39,12.42,1.32,72.53,5.19,102.01
2018,65,4.97,10.84,-0.56,80.2,3.74,102.53
2018,66,5.32,7.85,4.01,92.98,3.54,102.15
2018,67,5.4,11.56,-0.58,78.59,3.29,102.52
2018,68,4.23,11.93,-4.1,65.63,1.35,102.52
2018,69,8.45,17.11,0.28,71.43,2.16,102.07
2018,70,11.32,20.17,2.97,73.17,2.14,101.94
2018,71,13.89,21.96,5.53,71.09,1.98,101.51
2018,72,16.8,24.51,9.22,69.75,1.93,101.21
2018,73,16.43,20.59,13.52,91.71,2.1,101.01
2018,74,15.45,21.87,6.19,89.77,3.68,101.1
2018,75,6.02,11.05,2.08,72.61,4.51,102.26
2018,76,9.57,15.88,2.23,84.06,4.31,101.93
2018,77,10.32,12.47,8.91,92.57,2.77,101.28
2018,78,8.36,10.1,6.78,86.89,3.17,101.52
2018,79,4.95,7.07,3.13,88.8,4.67,101.75
2018,80,6.39,12.73,2.64,80.4,3.42,101.87
2018,81,9.19,16.2,1.49,70.9,1.59,101.52
2018,82,13.05,20.25,6.07,75.08,1.54,101.6
2018,83,14.19,20.64,9.42,77.42,1.92,101.79
2018,84,15.56,22.26,8.53,74.93,1.42,101.91
2018,85,16.89,23.12,10.86,75.48,1.08,101.72
2018,86,16.87,23.86,10.38,74.58,2.16,101.39
2018,87,18.41,26.62,10.92,72.47,2.37,101.13
2018,88,16.59,24.01,10.83,82.27,2.73,101.37
2018,89,16.37,22.96,10.5,83.7,4.0,101.69
2018,90,18.7,25.65,11.94,77.65,2.06,101.37
2018,91,21.52,27.11,15.49,67.33,0.93,101.01
2018,92,21.8,26.99,17.38,77.87,1.71,100.8
2018,93,22.75,28.44,16.96,78.98,1.66,100.84
2018,94,12.15,16.85,8.47,78.67,5.54,101.48
2018,95,8.08,10.31,5.52,86.13,4.14,101.4
2018,96,9.24,16.02,4.85,69.32,4.09,102.1
2018,97,7.63,14.14,0.37,57.75,3.52,102.35
2018,98,13.13,21.96,4.22,67.63,4.36,101.41
2018,99,16.92,25.87,8.09,67.19,2.75,101.13
2018,100,19.89,27.59,11.83,71.31,3.77,100.6
2018,101,18.26,22.78,13.39,75.33,3.45,100.88
2018,102,15.49,21.5,11.24,74.43,5.24,101.05
2018,103,14.26,16.73,12.29,82.49,5.43,100.99
2018,104,11.5,14.91,8.73,81.86,3.77,101.28
2018,105,12.22,19.41,5.2,61.87,2.15,101.73
2018,106,12.01,18.84,5.62,65.47,1.88,101.75
2018,107,14.18,21.94,5.39,66.99,1.84,101.6
2018,108,16.82,25.09,8.03,70.76,2.2,101.27
2018,109,19.38,28.39,10.65,67.5,2.28,101.12
2018,110,20.81,29.8,12.72,73.6,2.82,100.99
2018,111,21.76,26.51,16.57,81.33,3.14,100.74
2018,112,22.11,25.68,19.54,91.12,2.27,100.53
2018,113,16.3,19.96,13.14,90.27,4.48,100.79
2018,114,15.45,20.68,11.33,74.97,3.58,101.35
2018,115,17.46,22.81,11.86,58.92,1.48,101.31
2018,116,18.86,24.13,13.23,65.06,1.32,101.17
2018,117,21.24,27.34,15.14,67.19,1.19,101.44
2018,118,20.74,27.88,13.49,69.44,2.07,101.27
2018,119,22.01,26.75,16.75,79.8,1.91,100.68
2018,120,24.52,29.96,18.44,77.32,1.17,100.72
2018,121,24.25,29.06,19.9,83.2,2.09,100.6
2018,122,20.55,25.57,13.57,74.26,3.63,101.15
2018,123,19.44,26.42,11.64,60.53,2.34,101.57
2018,124,20.46,28.5,11.52,64.33,2.67,101.31
2018,125,20.58,23.07,17.76,88.68,3.82,100.69
2018,126,23.89,28.43,16.82,90.44,3.63,99.99
2018,127,17.48,20.68,14.88,84.02,3.25,100.53
2018,128,19.24,25.42,14.16,69.64,2.42,101.03
2018,129,17.44,24.42,10.02,66.72,2.36,101.68
2018,130,17.84,24.33,12.31,75.68,3.75,101.58
2018,131,20.36,26.15,13.95,82.05,2.04,100.94
2018,132,21.53,25.1,18.7,83.68,1.73,100.61
2018,133,23.8,29.59,17.77,74.05,1.22,100.62
2018,134,25.88,31.04,19.62,82.06,2.27,100.33
2018,135,28.77,33.79,23.95,77.2,3.49,99.98
2018,136,29.15,33.66,26.11,73.58,4.54,99.82
2018,137,26.74,30.42,24.58,85.67,3.06,99.92
2018,138,26.03,31.31,20.5,79.22,2.73,100.32
2018,139,19.8,22.41,17.74,86.0,4.42,100.63
2018,140,20.05,24.03,16.06,84.71,4.14,100.84
2018,141,20.35,25.43,15.73,85.99,3.52,100.9
2018,142,21.12,24.29,17.7,85.38,3.29,100.79
2018,143,21.3,26.95,15.44,61.76,1.49,101.04
2018,144,20.36,24.37,14.73,69.08,2.27,100.59
2018,145,20.99,25.65,17.47,89.49,2.91,99.94
2018,146,21.8,27.28,16.9,84.34,2.68,100.44
2018,147,22.7,27.24,17.16,79.82,1.5,100.68
2018,148,25.45,30.32,20.91,74.03,1.45,100.61
2018,149,26.04,30.5,21.01,74.64,1.58,100.68
2018,150,26.48,31.1,22.4,69.68,0.93,100.75
2018,151,23.63,27.7,19.7,73.5,1.57,101.09
2018,152,23.3,29.54,17.5,67.07,1.95,101.21
2018,153,22.74,28.18,17.26,64.72,2.15,101.04
2018,154,23.11,28.91,17.67,63.16,1.89,100.79
2018,155,24.2,30.35,18.37,64.36,1.47,100.72
2018,156,23.98,28.78,20.63,74.6,1.65,100.74
2018,157,25.68,32.6,18.87,65.31,1.99,100.63
2018,158,27.26,33.6,19.68,69.51,1.76,100.56
2018,159,27.25,33.53,22.65,64.22,2.96,100.38
2018,160,21.92,23.42,18.74,82.1,3.24,100.1
2018,161,22.03,26.85,16.76,75.32,1.75,100.06
2018,162,25.48,32.04,17.39,62.41,2.4,99.92
2018,163,28.5,35.87,21.59,62.6,2.49,99.89
2018,164,28.75,35.18,21.03,60.54,2.0,99.8
2018,165,28.51,34.89,22.34,61.68,2.21,99.82
2018,166,27.51,33.63,21.12,62.45,3.0,100.18
2018,167,26.0,31.66,20.96,64.63,3.76,100.49
2018,168,26.9,33.33,21.08,65.68,2.96,100.22
2018,169,28.3,34.22,23.11,66.82,2.79,99.93
2018,170,26.74,31.69,23.2,78.13,1.52,99.85
2018,171,24.73,30.59,20.97,73.51,3.15,100.18
2018,172,25.62,32.58,18.58,63.04,2.52,100.44
2018,173,23.61,29.33,19.28,71.12,3.11,100.41
2018,174,23.84,30.41,17.69,72.1,2.04,100.32
2018,175,27.11,34.18,20.06,74.39,2.26,100.33
2018,176,30.46,37.0,24.3,73.23,2.7,100.27
2018,177,31.42,35.97,27.34,69.63,4.49,100.18
2018,178,30.24,35.05,27.79,73.87,3.72,100.07
2018,179,29.33,32.43,26.54,81.93,3.41,99.76
2018,180,29.56,34.95,25.68,72.34,1.14,99.81
2018,181,27.12,29.63,25.21,82.6,2.07,99.87
2018,182,28.18,33.4,24.07,76.76,2.23,99.9
2018,183,28.53,34.37,24.0,79.85,1.82,99.74
2018,184,29.89,34.95,25.68,76.46,1.35,99.52
2018,185,28.61,31.5,26.36,81.26,1.37,99.5
2018,186,27.96,30.07,26.13,92.58,1.72,99.45
2018,187,27.42,30.59,23.89,90.42,4.68,99.61
2018,188,27.1,31.82,23.62,85.91,4.69,100.0
2018,189,28.02,31.6,23.52,84.39,2.18,100.13
2018,190,30.0,34.12,26.0,82.47,1.5,100.28
2018,191,29.36,33.22,26.1,83.01,1.8,100.43
2018,192,28.64,33.14,24.83,81.97,4.77,100.35
2018,193,29.78,34.4,25.64,78.75,4.28,100.21
2018,194,30.53,35.7,25.46,75.1,3.22,100.29
2018,195,30.8,36.35,25.34,71.1,2.79,100.29
2018,196,30.71,36.01,25.67,70.6,2.21,100.36
2018,197,29.97,34.7,24.94,70.49,2.82,100.38
2018,198,30.59,36.0,25.99,71.52,2.82,100.33
2018,199,30.82,36.94,25.3,68.4,2.93,100.32
2018,200,31.41,37.59,25.75,66.95,2.91,100.29
2018,201,31.31,38.02,25.43,66.06,2.96,100.19
2018,202,30.52,36.91,25.05,69.23,3.42,100.15
2018,203,29.16,34.23,25.24,73.6,4.99,99.75
2018,204,28.8,33.94,24.14,78.19,3.35,99.66
2018,205,31.69,37.33,26.15,71.53,1.83,99.94
2018,206,31.06,35.29,28.1,76.5,2.12,100.1
2018,207,30.17,33.76,27.2,81.57,1.57,100.2
2018,208,28.39,30.75,26.25,83.33,1.01,100.32
2018,209,30.81,35.06,26.05,69.8,1.34,100.28
2018,210,31.74,36.69,26.44,70.62,0.93,100.12
2018,211,30.7,35.28,26.81,75.74,1.27,100.09
2018,212,30.45,35.75,26.12,75.61,1.71,100.13
2018,213,30.3,35.34,25.58,74.02,1.82,100.1
2018,214,30.28,36.21,24.9,69.01,2.43,100.08
2018,215,28.4,31.92,25.94,85.33,4.34,99.75
2018,216,29.7,33.97,26.08,81.0,2.22,99.87
2018,217,31.89,36.53,26.62,72.39,0.91,100.13
2018,218,32.69,36.86,28.61,70.24,0.51,100.13
2018,219,32.75,37.39,28.93,68.62,1.24,100.14
2018,220,31.99,37.84,27.07,66.91,2.13,100.24
2018,221,31.96,37.65,26.54,66.92,1.88,100.22
2018,222,32.38,38.39,26.85,61.94,1.47,100.1
2018,223,31.69,37.91,27.36,65.86,2.69,99.93
2018,224,28.37,31.92,26.19,81.69,3.13,99.84
2018,225,28.27,30.32,26.36,89.13,6.63,99.43
2018,226,30.24,34.8,26.37,77.04,4.1,99.94
2018,227,30.45,35.85,26.27,77.79,2.34,100.06
2018,228,29.35,34.08,25.28,76.91,3.94,99.94
2018,229,27.18,28.98,25.73,93.22,8.12,99.15
2018,230,28.61,31.63,26.59,87.53,5.67,99.69
2018,231,28.83,32.6,26.15,86.47,3.4,99.84
2018,232,28.21,32.22,25.34,86.3,2.28,99.85
2018,233,27.17,31.16,24.31,86.16,2.77,99.97
2018,234,26.79,31.51,23.74,86.38,3.33,99.97
2018,235,25.59,29.96,22.13,76.7,3.01,100.03
2018,236,25.01,30.01,20.27,74.9,2.13,100.23
2018,237,25.31,29.83,21.24,80.73,3.41,100.42
2018,238,26.49,31.22,22.37,83.62,3.9,100.31
2018,239,27.94,31.66,24.31,85.3,2.12,100.28
2018,240,29.29,33.19,25.69,82.31,3.3,100.28
2018,241,29.37,34.39,25.37,77.99,2.83,100.21
2018,242,29.81,34.71,25.28,75.72,2.25,100.27
2018,243,29.58,33.18,26.31,79.37,1.05,100.46
2018,244,27.42,30.04,24.14,88.07,2.24,100.51
2018,245,27.6,32.01,23.24,84.17,1.56,100.27
2018,246,28.73,32.87,25.78,84.12,2.37,99.96
2018,247,26.33,31.51,21.69,70.17,2.7,100.13
2018,248,25.54,31.04,20.39,67.01,1.12,100.34
2018,249,24.01,27.05,21.43,75.64,1.75,100.35
2018,250,22.72,26.89,19.32,75.28,2.08,100.74
2018,251,22.38,28.37,16.51,68.38,2.44,101.17
2018,252,21.89,28.47,15.05,68.2,2.62,101.46
2018,253,21.13,26.67,17.72,71.76,2.29,101.55
2018,254,23.04,29.2,16.73,73.43,2.19,101.24
2018,255,24.52,29.48,19.95,78.58,2.12,101.09
2018,256,24.18,28.65,21.15,78.88,2.36,101.06
2018,257,26.17,32.16,21.44,77.04,1.38,101.04
2018,258,27.03,32.74,22.42,76.07,1.73,101.07
2018,259,26.96,32.54,23.52,82.76,2.41,101.05
2018,260,24.92,28.59,22.63,91.22,2.91,101.19
2018,261,26.44,30.69,22.67,83.28,1.68,101.23
2018,262,28.15,32.55,24.44,83.41,1.84,100.81
2018,263,26.18,30.35,22.08,81.09,3.3,100.6
2018,264,23.2,27.06,20.06,83.21,2.01,100.98
2018,265,24.08,28.59,19.41,77.2,0.82,101.25
2018,266,22.3,28.66,17.56,62.13,1.79,101.41
2018,267,22.42,28.76,17.67,73.7,2.89,101.47
2018,268,20.38,25.33,16.63,72.46,3.33,101.43
2018,269,19.95,24.77,16.11,72.46,3.16,101.44
2018,270,21.0,27.58,14.61,74.17,2.49,101.34
2018,271,21.81,26.47,17.42,75.62,1.13,101.23
2018,272,21.94,28.54,16.42,70.0,1.86,101.03
2018,273,21.06,29.41,15.35,63.66,2.45,101.02
2018,274,18.77,26.02,11.98,53.53,2.49,101.49
2018,275,20.15,26.91,14.88,48.8,1.18,101.65
2018,276,19.33,27.12,13.42,56.35,1.97,101.81
2018,277,19.34,26.84,13.3,63.56,2.59,101.76
2018,278,19.2,26.36,14.01,68.12,4.11,101.3
2018,279,18.9,27.31,12.47,60.2,2.46,101.36
2018,280,19.63,26.73,13.35,73.77,1.72,101.6
2018,281,20.34,26.25,15.78,74.45,2.48,101.45
2018,282,19.66,24.98,15.18,78.83,2.37,101.38
2018,283,14.46,21.12,8.67,50.98,3.29,102.01
2018,284,13.79,21.63,7.07,58.74,2.35,102.36
2018,285,14.31,21.47,8.68,60.67,1.92,102.32
2018,286,16.07,23.1,9.33,68.57,2.52,102.01
2018,287,17.25,21.84,13.33,77.65,2.69,101.75
2018,288,16.91,21.41,13.06,75.36,2.15,101.68
2018,289,16.71,21.96,12.48,75.94,1.85,101.57
2018,290,17.17,23.08,12.61,68.24,1.92,101.57
2018,291,15.18,21.45,10.25,62.17,3.26,102.02
2018,292,14.32,19.8,9.25,62.42,2.56,102.28
2018,293,16.5,22.73,11.9,70.1,2.57,102.13
2018,294,17.1,22.91,11.97,75.66,2.27,101.81
2018,295,16.73,20.73,14.22,81.73,2.0,101.65
2018,296,17.02,23.55,10.99,72.06,1.23,101.76
2018,297,17.55,24.64,12.21,72.61,2.16,101.65
2018,298,17.47,22.11,14.03,86.98,2.25,101.37
2018,299,16.38,22.48,9.0,60.94,3.58,101.66
2018,300,13.97,22.1,7.4,45.84,1.49,102.02
2018,301,15.14,25.65,7.12,48.57,3.4,101.42
2018,302,15.17,25.46,7.64,58.89,2.35,101.39
2018,303,15.09,23.91,7.72,70.48,1.96,101.87
2018,304,14.4,21.6,8.82,64.07,2.58,102.23
2018,305,12.7,20.3,6.17,68.4,2.88,102.41
2018,306,13.24,20.44,6.87,70.83,2.8,102.27
2018,307,15.77,22.15,9.36,79.23,2.77,101.91
2018,308,17.69,23.23,12.44,81.68,2.21,101.72
2018,309,17.32,21.12,14.1,86.84,3.31,101.81
2018,310,15.07,17.97,13.14,87.87,3.91,101.99
2018,311,13.3,16.09,11.37,90.57,3.7,101.94
2018,312,9.52,12.58,6.08,82.39,3.75,101.75
2018,313,10.66,18.52,4.54,75.24,1.81,101.96
2018,314,11.83,18.62,5.06,78.68,2.51,101.97
2018,315,13.46,17.76,10.69,87.6,2.51,101.79
2018,316,12.82,16.57,10.33,83.14,2.4,101.87
2018,317,11.92,17.6,6.81,76.88,2.28,101.86
2018,318,12.44,18.36,7.98,78.4,3.08,101.89
2018,319,12.61,16.57,9.84,83.99,2.79,101.88
2018,320,11.65,16.4,6.96,83.74,4.05,102.12
2018,321,9.84,15.81,4.68,76.02,3.11,102.17
2018,322,8.22,11.06,5.07,89.6,2.73,102.06
2018,323,8.38,14.22,4.49,74.37,1.29,102.25
2018,324,10.71,17.06,4.63,78.18,2.47,101.96
2018,325,11.34,15.38,8.45,84.77,3.29,101.95
2018,326,8.53,14.39,3.27,73.19,1.81,102.59
2018,327,9.21,15.95,3.3,75.29,2.47,102.12
2018,328,10.05,17.48,4.25,80.51,1.66,102.11
2018,329,11.01,18.42,6.3,82.5,1.69,101.95
2018,330,12.19,18.75,7.12,76.94,1.06,102.0
2018,331,11.76,19.63,6.24,75.14,1.1,102.05
2018,332,10.69,17.67,5.86,80.98,1.49,101.99
2018,333,11.48,18.96,7.17,78.02,1.34,102.2
2018,334,12.08,17.96,8.02,86.13,1.74,102.09
2018,335,12.58,18.84,8.39,88.87,1.79,101.86
2018,336,12.02,14.63,8.99,94.33,1.65,101.36
2018,337,14.44,19.0,10.65,90.03,1.44,101.36
2018,338,8.82,12.72,5.46,82.28,4.64,102.16
2018,339,8.17,12.52,4.7,81.33,4.62,102.16
2018,340,5.87,8.42,3.74,85.19,4.59,102.43
2018,341,1.23,3.25,-1.52,67.51,4.38,103.34
2018,342,-0.96,1.38,-2.51,60.18,3.29,103.5
2018,343,0.05,3.73,-3.35,75.59,2.88,103.19
2018,344,3.62,7.18,0.02,93.66,3.41,102.7
2018,345,2.49,5.02,-2.07,89.15,3.98,102.88
2018,346,-0.46,5.56,-4.52,73.47,2.19,103.23
2018,347,-0.15,6.45,-3.54,63.97,1.46,103.17
2018,348,1.36,8.26,-3.65,78.94,2.48,103.26
2018,349,4.31,9.34,-0.41,89.66,2.41,102.72
2018,350,4.29,10.62,0.62,80.54,3.09,102.28
2018,351,4.21,12.88,-1.73,73.79,2.52,102.25
2018,352,6.15,15.19,-0.7,78.99,2.11,102.02
2018,353,7.73,11.95,4.58,82.22,1.35,101.74
2018,354,9.39,13.94,6.63,90.16,1.72,101.76
2018,355,9.16,12.87,6.78,92.11,1.71,101.87
2018,356,9.55,13.05,6.63,92.71,3.35,102.04
2018,357,5.53,11.35,1.47,76.64,2.92,102.71
2018,358,5.13,11.27,-0.08,82.85,2.7,102.41
2018,359,7.22,10.75,4.52,92.29,2.48,101.83
2018,360,5.9,8.7,3.45,92.1,4.92,102.1
2018,361,2.95,7.12,-1.11,79.56,4.62,102.91
2018,362,-3.29,0.29,-5.68,62.19,4.34,103.71
2018,363,-3.13,1.38,-6.09,65.47,2.91,103.82
2018,364,-2.3,0.43,-4.56,73.97,2.54,103.78
2018,365,-1.24,3.48,-4.83,81.49,2.27,103.67
2019,1,-0.79,4.24,-3.53,76.51,2.22,103.58
2019,2,-0.25,4.44,-3.11,78.33,2.1,103.34
2019,3,1.81,7.11,-2.13,88.76,2.05,103.02
2019,4,3.71,7.47,1.87,94.68,2.36,102.62
2019,5,2.86,5.27,0.82,93.61,2.91,102.63
2019,6,2.49,7.63,-1.08,87.38,1.74,102.78
2019,7,3.74,7.76,-0.11,91.54,2.37,102.61
2019,8,2.99,7.0,0.04,80.21,3.0,102.99
2019,9,0.96,2.88,-0.75,90.1,2.88,102.98
2019,10,2.08,5.53,-0.89,91.36,1.61,102.49
2019,11,3.54,6.47,1.72,92.91,1.27,102.18
2019,12,2.78,8.09,-0.41,85.75,1.76,102.33
2019,13,2.09,7.85,-1.93,86.07,1.56,102.49
2019,14,3.01,8.67,-1.75,89.88,2.32,102.33
2019,15,2.83,7.13,-1.22,82.07,3.62,102.71
2019,16,-0.38,3.7,-5.01,65.84,1.82,102.84
2019,17,2.09,7.9,-2.94,63.83,1.42,102.64
2019,18,2.84,10.7,-2.44,81.42,2.38,102.27
2019,19,5.04,11.44,0.27,84.56,2.64,101.99
2019,20,1.8,8.05,-2.52,76.84,2.89,102.77
2019,21,1.78,7.95,-2.3,69.22,1.72,102.63
2019,22,2.69,10.25,-3.06,67.99,2.54,102.19
2019,23,5.03,13.08,-2.16,66.87,1.76,102.16
2019,24,4.48,12.97,-1.47,74.57,2.1,102.17
2019,25,3.37,9.33,-0.98,85.71,3.46,102.58
2019,26,0.07,5.52,-4.92,74.77,2.69,103.21
2019,27,3.08,9.82,-3.18,76.21,2.18,102.59
2019,28,5.22,10.17,1.84,77.57,1.69,102.39
2019,29,4.39,8.8,-0.52,86.06,1.88,102.36
2019,30,5.81,8.8,3.53,94.73,2.26,101.98
2019,31,1.74,5.62,-2.95,85.19,4.52,102.57
2019,32,0.93,7.44,-3.85,82.88,1.99,102.54
2019,33,4.87,10.26,-1.56,91.83,2.36,101.36
2019,34,5.56,8.4,0.1,88.46,2.5,101.78
2019,35,3.86,11.18,-2.85,79.5,2.41,102.34
2019,36,6.35,13.74,0.9,82.93,1.55,101.55
2019,37,8.66,16.08,2.19,89.87,1.87,101.17
2019,38,4.4,9.5,-1.12,77.85,6.45,102.1
2019,39,0.1,2.47,-3.04,86.18,3.74,102.47
2019,40,-0.53,2.94,-3.52,85.68,3.75,102.83
2019,41,-0.87,2.44,-3.58,84.72,2.92,103.03
2019,42,-0.81,4.61,-4.7,83.73,1.49,103.11
2019,43,1.59,4.72,-2.7,93.42,2.93,102.79
2019,44,4.39,8.78,1.44,87.84,3.89,102.79
2019,45,4.41,7.63,1.78,90.91,3.6,102.61
2019,46,4.65,7.72,2.61,89.78,2.24,102.4
2019,47,2.09,6.36,-1.43,74.31,3.2,102.71
2019,48,2.06,6.86,-3.38,71.16,2.33,102.61
2019,49,1.65,2.72,0.7,94.18,3.01,101.88
2019,50,3.34,7.21,0.04,85.05,2.27,102.0
2019,51,3.62,7.13,0.74,87.74,2.71,102.43
2019,52,3.65,5.92,1.33,90.19,2.79,102.43
2019,53,3.16,6.66,0.57,86.3,2.02,102.29
2019,54,3.79,7.44,-0.78,76.86,1.26,102.34
2019,55,5.42,12.48,-2.09,70.54,1.27,102.09
2019,56,7.05,13.39,1.84,67.4,1.72,102.06
2019,57,5.3,9.25,1.62,88.15,3.74,102.05
2019,58,5.37,7.86,3.5,91.86,2.74,101.87
2019,59,6.66,10.79,3.05,84.01,1.42,101.92
2019,60,6.5,10.07,3.71,84.75,2.82,101.97
2019,61,6.09,9.73,3.66,86.17,3.12,101.49
2019,62,6.26,10.62,3.11,81.6,1.54,101.29
2019,63,7.62,14.55,0.36,78.13,1.41,101.61
2019,64,7.64,9.78,5.89,91.06,3.16,101.4
2019,65,9.8,16.18,5.71,79.95,2.72,101.78
2019,66,6.11,11.99,0.84,72.59,3.57,102.41
2019,67,5.57,12.09,-1.53,79.44,3.0,102.08
2019,68,9.72,15.1,5.08,80.2,1.78,101.42
2019,69,10.4,15.95,5.56,77.58,1.87,101.42
2019,70,10.9,17.54,5.77,71.04,2.99,101.34
2019,71,10.78,19.93,4.29,70.62,3.44,101.5
2019,72,9.07,16.52,1.96,75.46,2.86,102.11
2019,73,11.88,18.29,6.64,76.66,2.0,102.07
2019,74,11.93,19.38,5.32,66.15,2.48,102.07
2019,75,11.77,20.57,3.13,67.61,2.46,101.94
2019,76,12.61,19.05,5.93,74.26,2.4,101.89
2019,77,12.26,16.6,8.74,83.69,1.88,101.5
2019,78,14.11,21.08,6.88,82.17,3.65,101.16
2019,79,17.96,24.94,13.29,88.63,5.38,100.15
2019,80,12.2,16.82,7.32,86.33,3.67,101.2
2019,81,8.27,13.41,3.76,69.1,3.54,102.09
2019,82,8.89,14.32,3.4,63.44,1.2,102.38
2019,83,9.5,14.62,3.1,73.36,2.16,101.92
2019,84,12.36,18.04,7.82,74.69,2.34,101.51
2019,85,13.58,21.3,6.67,77.51,2.38,101.64
2019,86,15.08,21.5,9.46,84.47,1.53,101.1
2019,87,13.6,17.94,10.17,88.3,2.42,101.0
2019,88,13.77,19.3,7.68,84.5,1.87,101.08
2019,89,12.16,16.56,7.39,73.2,3.34,101.67
2019,90,9.89,16.21,4.69,60.31,2.35,102.32
2019,91,11.69,19.53,3.47,62.7,1.88,102.15
2019,92,13.2,17.94,8.16,68.79,1.74,101.82
2019,93,13.47,19.74,8.89,74.6,2.81,102.05
2019,94,14.21,19.59,8.56,77.57,2.01,101.58
2019,95,16.12,23.63,9.5,76.71,2.49,101.04
2019,96,18.24,25.46,11.01,79.89,3.34,100.68
2019,97,20.11,27.7,13.57,78.69,2.79,100.64
2019,98,19.89,29.51,12.03,78.13,3.95,100.66
2019,99,15.36,25.02,7.62,88.26,5.47,100.32
2019,100,10.8,15.49,7.4,77.65,3.1,101.5
2019,101,11.52,15.36,7.03,72.23,1.38,101.43
2019,102,14.12,20.39,8.8,69.19,1.35,101.57
2019,103,15.31,22.35,8.29,72.5,2.16,101.36
2019,104,15.71,21.45,9.57,71.62,2.97,101.66
2019,105,13.63,20.7,5.96,65.93,2.64,101.65
2019,106,15.81,21.57,8.88,79.83,2.33,100.98
2019,107,18.76,25.94,11.43,75.25,1.93,100.77
2019,108,21.63,30.02,13.17,73.41,2.08,100.52
2019,109,19.73,26.6,14.03,78.83,4.43,100.79
2019,110,20.67,27.89,13.13,81.83,2.26,100.62
2019,111,21.37,25.81,16.84,86.48,2.44,100.55
2019,112,19.37,23.51,15.1,87.7,2.5,100.7
2019,113,21.52,26.71,16.38,83.89,1.39,100.5
2019,114,21.75,26.93,18.2,82.22,1.51,100.5
2019,115,19.53,25.76,12.09,81.42,3.1,100.7
2019,116,12.08,15.44,7.74,74.18,3.64,101.56
2019,117,14.19,21.54,6.11,66.59,3.97,101.51
2019,118,15.85,19.71,12.51,82.31,2.73,101.22
2019,119,15.05,17.11,13.58,89.94,2.22,100.93
2019,120,17.45,22.56,12.46,78.17,1.56,100.87
2019,121,18.37,24.44,13.32,67.41,2.98,101.07
2019,122,18.48,25.29,12.17,58.36,1.53,101.43
2019,123,18.73,26.99,10.62,55.26,2.87,101.52
2019,124,19.99,28.19,13.05,55.08,3.39,101.25
2019,125,20.16,28.14,12.86,64.82,2.82,101.13
2019,126,16.11,21.23,10.57,62.9,4.81,101.71
2019,127,14.83,21.12,8.7,57.85,2.22,101.59
2019,128,17.68,23.66,10.29,49.43,1.78,101.0
2019,129,20.64,26.11,13.14,49.14,0.76,100.77
2019,130,22.31,28.71,14.76,59.37,1.27,100.81
2019,131,23.83,30.91,16.72,58.61,1.4,100.89
2019,132,23.51,30.06,17.11,69.19,1.98,100.86
2019,133,23.41,29.43,17.76,67.25,1.36,100.75
2019,134,21.31,28.26,15.65,72.74,2.39,100.77
2019,135,20.65,26.23,17.66,83.06,2.78,100.58
2019,136,23.17,29.19,17.43,79.68,1.38,100.35
2019,137,24.39,29.89,20.27,78.02,1.69,100.11
2019,138,22.63,28.19,18.33,72.72,2.95,100.34
2019,139,22.66,29.31,16.16,66.89,2.05,100.52
2019,140,22.16,27.88,17.14,36.56,3.81,101.03
2019,141,22.5,30.32,15.03,36.15,1.5,100.83
2019,142,23.56,32.4,14.33,47.69,2.23,100.6
2019,143,25.98,35.65,16.57,47.11,2.54,100.73
2019,144,27.04,35.79,18.3,45.22,3.18,100.65
2019,145,24.3,28.73,22.42,75.51,3.69,100.42
2019,146,24.08,27.32,21.82,88.88,3.43,100.07
2019,147,23.6,29.74,15.83,71.87,3.96,100.67
2019,148,21.2,28.75,13.51,50.69,2.57,101.32
2019,149,22.77,30.26,15.95,48.51,2.2,101.07
2019,150,20.58,24.7,16.73,75.11,2.33,100.72
2019,151,22.9,29.44,17.49,67.06,2.19,100.78
2019,152,22.83,30.11,16.73,58.98,2.64,100.54
2019,153,24.83,32.69,17.01,61.39,1.67,100.24
2019,154,26.5,34.41,18.35,60.23,1.95,100.21
2019,155,28.12,35.72,19.93,62.17,1.99,100.36
2019,156,29.7,36.19,22.26,61.12,3.18,100.34
2019,157,26.04,31.16,19.78,81.2,5.4,99.93
2019,158,24.55,30.44,18.41,66.67,1.63,100.59
2019,159,27.18,33.07,20.58,63.04,1.51,100.29
2019,160,28.42,35.3,21.45,62.66,1.33,99.95
2019,161,26.71,32.38,19.1,63.04,3.43,100.13
2019,162,24.75,32.11,16.72,59.72,2.65,100.52
2019,163,25.48,32.24,19.68,60.04,2.56,100.54
2019,164,23.56,29.16,19.08,66.87,2.81,100.35
2019,165,24.37,31.25,17.54,61.94,1.51,100.26
2019,166,28.34,34.81,21.1,51.8,0.79,100.29
2019,167,28.68,34.61,24.07,57.56,1.69,100.45
2019,168,27.49,34.51,22.33,60.36,2.74,100.57
2019,169,25.02,28.97,21.1,80.33,0.93,100.32
2019,170,27.43,31.98,23.56,71.96,1.25,100.25
2019,171,24.86,27.93,22.75,81.98,3.12,100.19
2019,172,25.03,29.62,21.55,76.95,3.39,100.15
2019,173,24.25,28.97,19.6,72.62,2.87,100.36
2019,174,23.94,31.22,16.49,64.73,3.03,100.52
2019,175,24.75,31.05,19.35,68.71,3.12,100.67
2019,176,24.5,29.56,20.54,75.84,3.78,100.56
2019,177,25.27,31.07,20.62,78.36,2.16,100.15
2019,178,26.84,31.87,21.24,71.92,1.17,99.83
2019,179,28.86,36.56,22.93,72.15,1.93,99.6
2019,180,26.75,28.44,24.66,88.35,2.58,99.47
2019,181,28.2,33.51,23.22,74.18,0.95,99.83
2019,182,28.48,34.03,24.03,74.01,0.98,100.18
2019,183,27.78,34.06,22.89,68.53,2.5,100.41
2019,184,26.6,32.64,22.35,70.89,2.37,100.39
2019,185,25.84,30.26,21.28,73.15,1.94,100.32
2019,186,27.29,34.1,21.59,65.47,1.99,99.85
2019,187,27.95,32.74,23.84,78.45,2.31,99.57
2019,188,26.94,32.4,22.87,70.66,2.78,99.93
2019,189,26.45,32.24,21.52,73.71,2.48,100.22
2019,190,23.36,26.38,20.75,83.99,3.44,100.05
2019,191,25.39,31.33,19.67,69.07,1.52,100.14
2019,192,27.13,33.11,20.61,64.63,0.95,100.45
2019,193,25.48,30.3,22.36,77.91,1.34,100.27
2019,194,23.89,26.51,21.61,83.23,1.51,99.97
2019,195,26.28,32.06,20.46,75.01,1.38,100.05
2019,196,27.02,33.26,21.32,71.84,2.11,100.21
2019,197,27.9,33.3,21.82,75.37,2.83,100.3
2019,198,28.48,32.85,24.46,79.72,2.13,100.14
2019,199,28.9,32.75,25.92,81.68,2.17,99.94
2019,200,29.1,34.53,24.67,77.35,3.28,99.77
2019,201,29.64,35.35,23.73,71.4,1.34,100.01
2019,202,31.5,37.36,25.71,65.05,1.29,100.07
2019,203,32.58,38.05,27.13,69.67,1.93,99.94
2019,204,32.39,36.95,28.41,72.27,2.82,99.82
2019,205,30.66,32.88,28.91,78.64,2.66,99.95
2019,206,31.23,34.34,28.34,77.83,2.15,100.04
2019,207,31.79,36.5,28.37,74.62,2.26,99.92
2019,208,30.92,34.71,28.65,80.55,1.92,99.93
2019,209,32.26,37.36,28.02,68.0,2.82,100.07
2019,210,32.63,37.81,28.13,68.95,2.92,100.17
2019,211,32.86,38.03,28.02,66.2,2.49,100.19
2019,212,31.84,35.62,28.16,70.24,1.26,100.31
2019,213,31.8,36.65,27.8,69.08,2.19,100.33
2019,214,31.91,37.12,27.59,64.77,2.61,100.32
2019,215,31.41,37.5,26.57,64.96,3.55,100.32
2019,216,28.63,31.95,25.85,79.08,2.79,100.29
2019,217,29.65,33.96,26.27,75.76,3.09,100.25
2019,218,31.38,37.02,26.34,66.73,2.72,100.11
2019,219,31.92,38.51,26.11,60.33,3.13,99.94
2019,220,30.2,34.81,27.03,74.84,2.89,100.03
2019,221,30.37,36.5,26.48,74.92,4.21,99.81
2019,222,27.36,29.72,25.9,92.42,6.19,98.99
2019,223,27.39,30.62,24.33,80.81,6.2,98.82
2019,224,27.15,32.39,23.11,75.52,3.78,99.55
2019,225,28.82,34.65,23.14,66.16,1.0,99.81
2019,226,28.76,33.98,24.51,75.06,2.21,99.82
2019,227,28.24,33.5,23.74,72.45,2.23,99.66
2019,228,29.47,35.81,23.27,60.76,1.27,99.71
2019,229,28.98,34.13,24.23,72.33,2.2,100.01
2019,230,27.19,33.75,22.4,62.77,2.38,100.35
2019,231,26.99,33.47,20.8,67.82,3.05,100.51
2019,232,27.9,34.09,22.45,70.78,2.5,100.44
2019,233,29.06,34.85,23.8,70.29,2.04,100.36
2019,234,28.24,34.8,23.24,63.75,2.32,100.57
2019,235,28.34,35.08,22.89,62.49,2.49,100.72
2019,236,28.69,35.07,23.05,58.99,3.0,100.7
2019,237,30.11,36.79,24.39,67.1,3.55,100.54
2019,238,31.43,36.99,26.62,72.5,2.18,100.31
2019,239,29.41,33.43,25.63,78.82,2.03,100.4
2019,240,27.0,31.12,23.78,82.73,2.14,100.6
2019,241,27.18,33.61,21.84,70.44,0.88,100.61
2019,242,26.61,32.94,20.82,65.3,2.27,100.79
2019,243,25.42,29.02,22.81,76.88,2.93,101.0
2019,244,22.7,25.5,19.08,83.35,2.63,101.21
2019,245,21.5,25.35,18.75,87.61,2.19,101.24
2019,246,23.42,27.41,20.58,86.94,1.73,100.93
2019,247,25.16,30.77,20.64,79.96,1.35,100.72
2019,248,24.8,29.25,22.32,87.37,2.59,100.53
2019,249,26.33,31.33,22.32,81.69,2.53,100.13
2019,250,26.03,31.91,19.89,67.94,2.2,100.13
2019,251,26.38,32.52,21.64,65.4,1.73,100.39
2019,252,26.13,32.08,20.03,75.89,1.78,100.48
2019,253,27.74,33.81,22.3,75.06,1.48,100.79
2019,254,27.71,32.31,24.21,79.62,2.57,101.12
2019,255,27.74,33.57,23.69,75.54,2.96,100.98
2019,256,28.14,34.88,22.76,70.68,2.04,100.75
2019,257,27.75,33.24,23.48,77.78,2.03,100.89
2019,258,25.73,32.13,21.16,64.61,2.82,100.94
2019,259,24.08,30.22,18.75,64.12,2.87,101.04
2019,260,24.82,31.57,19.03,60.7,2.65,101.25
2019,261,24.58,31.98,18.9,60.54,3.69,101.64
2019,262,21.65,29.13,14.77,58.9,2.99,101.6
2019,263,22.1,29.53,15.21,60.39,3.13,101.24
2019,264,22.15,29.21,16.16,63.78,4.52,101.11
2019,265,22.14,29.57,17.08,64.36,4.64,101.23
2019,266,21.12,29.37,13.91,55.04,1.92,101.64
2019,267,23.55,31.07,17.76,51.85,1.24,101.73
2019,268,23.09,28.74,17.48,56.77,1.59,101.72
2019,269,21.52,26.6,16.65,65.82,1.88,101.82
2019,270,22.28,28.5,18.08,72.23,1.95,101.77
2019,271,22.71,30.12,16.28,64.53,1.5,101.56
2019,272,23.65,30.9,17.41,70.19,1.84,101.37
2019,273,23.89,31.12,17.82,69.52,2.56,101.21
2019,274,24.58,31.51,20.02,76.45,3.64,100.95
2019,275,25.18,31.45,20.11,74.58,2.35,100.82
2019,276,26.1,32.95,20.29,65.63,1.05,100.91
2019,277,25.74,32.31,20.69,67.34,2.48,100.99
2019,278,19.9,22.73,15.64,71.47,4.31,101.73
2019,279,19.1,24.07,14.57,65.0,2.1,101.84
2019,280,17.79,21.83,13.7,73.49,2.79,101.8
2019,281,17.75,24.13,13.44,65.8,1.83,101.97
2019,282,19.82,26.6,13.8,73.83,2.32,101.55
2019,283,23.02,30.43,17.18,71.93,2.47,101.06
2019,284,21.71,25.97,18.15,72.52,2.06,101.16
2019,285,20.93,25.64,17.54,71.73,2.45,101.39
2019,286,21.65,26.89,17.45,66.32,2.42,101.76
2019,287,19.52,25.7,13.65,68.17,4.98,102.48
2019,288,15.13,21.67,10.25,55.16,3.29,102.75
2019,289,14.62,20.4,8.49,63.07,2.13,102.35
2019,290,17.01,22.88,12.53,62.64,2.21,102.1
2019,291,17.6,24.79,11.83,67.5,1.8,101.95
2019,292,17.92,26.21,11.67,63.45,1.57,101.96
2019,293,18.77,27.65,11.63,64.54,1.98,101.76
2019,294,19.3,26.73,14.45,62.99,2.4,101.49
2019,295,17.6,22.26,12.86,67.99,2.51,101.39
2019,296,18.91,25.69,13.06,60.9,1.83,101.44
2019,297,18.61,26.28,11.73,57.57,1.67,101.68
2019,298,18.17,25.75,13.78,63.15,2.58,101.94
2019,299,15.38,21.1,11.46,50.03,2.15,102.08
2019,300,15.02,21.8,9.97,47.23,1.29,101.75
2019,301,15.72,24.17,9.35,60.05,2.28,101.46
2019,302,15.18,24.59,7.49,39.41,1.72,101.72
2019,303,16.38,25.6,9.16,44.73,1.66,101.87
2019,304,18.7,28.26,10.24,41.18,1.25,101.82
2019,305,17.94,24.82,11.92,45.07,1.91,101.89
2019,306,17.9,25.22,11.43,60.52,2.43,101.63
2019,307,17.67,25.27,11.98,63.36,2.3,101.73
2019,308,15.95,22.88,10.68,68.94,2.41,102.08
2019,309,14.65,22.4,7.86,56.71,2.06,101.88
2019,310,14.52,21.33,8.49,62.08,1.64,101.52
2019,311,15.15,20.62,11.36,64.75,2.58,101.82
2019,312,13.55,20.32,8.12,61.58,1.97,102.23
2019,313,13.43,21.3,7.56,54.11,1.39,102.05
2019,314,15.2,23.64,9.39,45.39,3.77,101.28
2019,315,15.79,24.56,9.02,35.55,1.56,101.38
2019,316,16.58,24.73,11.16,50.49,2.04,101.53
2019,317,15.21,21.8,7.67,47.32,3.83,102.09
2019,318,11.3,20.08,3.66,38.26,2.1,102.16
2019,319,14.68,24.57,5.87,42.27,2.37,101.47
2019,320,18.16,25.55,11.77,42.12,1.48,101.21
2019,321,17.29,23.65,11.71,69.35,3.74,101.34
2019,322,7.5,10.34,1.98,59.4,3.58,102.58
2019,323,6.03,13.89,0.03,48.78,1.73,102.68
2019,324,8.86,16.55,2.06,64.16,2.96,102.64
2019,325,11.6,18.43,6.02,76.03,2.87,102.26
2019,326,14.28,22.43,7.59,78.43,2.23,101.85
2019,327,18.04,25.1,12.16,78.59,2.12,101.52
2019,328,14.46,20.02,9.02,76.67,4.86,102.12
2019,329,5.57,8.49,3.24,70.11,4.0,103.2
2019,330,5.87,9.9,1.03,76.18,2.08,102.79
2019,331,5.6,8.07,3.39,87.59,3.97,102.9
2019,332,4.36,10.17,0.2,69.11,3.35,103.18
2019,333,5.32,12.62,-0.78,76.05,2.58,102.93
2019,334,7.53,11.4,3.89,90.19,1.81,102.42
2019,335,5.33,8.18,1.4,84.73,3.62,102.32
2019,336,3.43,11.45,-2.17,64.09,2.05,102.75
2019,337,4.54,11.77,-2.13,52.17,1.65,102.72
2019,338,6.21,14.13,-0.08,48.71,1.33,102.86
2019,339,5.66,12.99,0.16,58.59,2.28,103.19
2019,340,4.28,10.47,0.07,74.58,2.9,103.34
2019,341,4.24,12.46,-1.18,69.97,1.22,102.97
2019,342,5.05,13.64,-1.68,64.14,2.05,102.58
2019,343,8.36,17.6,1.55,66.4,2.31,101.99
2019,344,10.34,18.08,3.8,66.45,2.1,101.67
2019,345,6.9,15.32,1.19,66.04,2.26,102.08
2019,346,6.1,13.18,0.37,72.28,2.94,102.54
2019,347,9.01,17.06,4.08,74.06,2.5,102.2
2019,348,7.91,13.39,3.81,82.18,3.54,102.48
2019,349,10.32,17.45,5.29,83.93,3.76,102.0
2019,350,13.13,21.16,8.39,81.83,2.92,101.44
2019,351,9.34,13.38,5.29,77.73,3.68,101.97
2019,352,4.87,9.36,1.86,78.02,3.57,102.65
2019,353,2.46,6.54,-1.0,76.04,1.38,102.73
2019,354,2.78,8.31,-0.75,79.33,2.27,102.66
2019,355,6.5,9.2,4.24,92.49,1.97,102.13
2019,356,8.18,11.81,5.42,85.09,1.17,101.81
2019,357,7.56,10.74,4.82,87.33,2.67,102.04
2019,358,8.11,11.68,5.64,87.68,3.22,102.21
2019,359,9.69,13.08,7.63,90.88,2.64,101.64
2019,360,5.29,8.07,-0.55,80.71,4.1,102.23
2019,361,2.63,9.09,-1.46,66.29,1.43,102.5
2019,362,4.83,11.97,-2.09,72.33,2.04,102.14
2019,363,8.34,13.69,4.38,80.21,1.89,101.84
2019,364,6.35,13.46,0.57,77.01,3.66,102.66
2019,365,-1.21,4.55,-6.34,63.65,3.32,103.58
2020,1,2.67,9.26,-3.67,78.92,2.51,102.89
2020,2,6.92,11.72,2.66,84.56,1.73,102.64
2020,3,7.75,11.22,5.86,88.62,1.91,102.52
2020,4,7.99,12.43,4.86,84.61,2.19,102.43
2020,5,8.45,11.06,5.58,89.83,4.61,102.09
2020,6,10.49,13.11,8.24,92.89,1.6,101.64
2020,7,5.91,8.55,2.11,90.38,4.22,101.45
2020,8,3.0,8.39,-1.53,73.95,2.4,102.56
2020,9,2.26,4.87,0.28,87.66,2.36,102.38
2020,10,4.0,6.28,1.83,93.76,3.23,102.05
2020,11,3.82,7.65,0.29,82.88,2.49,102.08
2020,12,2.86,8.01,-1.34,79.58,1.45,102.22
2020,13,2.59,7.33,-2.35,85.48,1.44,102.17
2020,14,1.73,7.1,-2.3,78.0,2.64,102.55
2020,15,0.27,3.98,-3.51,89.65,3.56,102.49
2020,16,2.18,5.02,0.57,93.04,3.72,102.42
2020,17,2.3,6.41,-1.49,83.87,2.14,102.56
2020,18,2.41,6.64,-2.39,76.53,1.02,102.38
2020,19,3.23,9.65,-2.2,78.48,1.75,102.19
2020,20,3.24,10.89,-1.79,67.82,1.68,102.35
2020,21,4.18,9.94,-0.85,89.45,2.92,102.25
2020,22,5.76,9.82,3.17,94.37,1.33,101.86
2020,23,6.84,9.57,4.16,91.42,2.73,102.16
2020,24,5.87,8.99,3.52,87.24,4.0,102.64
2020,25,4.45,6.51,3.21,87.0,4.17,102.61
2020,26,4.04,5.93,2.72,94.04,4.55,102.13
2020,27,3.34,7.53,0.47,85.1,3.34,101.97
2020,28,2.82,8.51,-2.38,80.12,2.19,102.09
2020,29,2.53,9.13,-2.69,78.36,2.82,102.16
2020,30,1.73,8.09,-2.86,72.91,2.83,102.19
2020,31,3.48,10.4,-2.03,61.28,1.17,102.36
2020,32,4.71,13.03,-1.88,67.84,2.08,102.4
2020,33,6.53,13.25,-0.27,69.55,2.04,102.28
2020,34,5.8,11.14,1.65,78.92,2.95,102.5
2020,35,6.07,13.61,0.83,78.52,2.25,102.32
2020,36,5.13,11.58,0.84,82.62,3.91,102.66
2020,37,3.14,6.92,0.39,86.86,5.05,102.69
2020,38,4.44,8.51,1.45,88.45,2.19,102.72
2020,39,5.67,11.08,0.39,80.91,1.46,102.94
2020,40,6.21,12.72,1.53,78.12,1.52,102.72
2020,41,8.31,15.89,1.74,75.9,2.0,102.13
2020,42,9.49,13.01,7.06,88.45,2.04,101.78
2020,43,10.55,17.14,5.55,83.2,1.48,101.55
2020,44,11.48,18.32,5.43,90.79,2.32,101.25
2020,45,13.84,18.49,9.42,94.16,2.04,101.18
2020,46,3.31,12.61,-2.02,85.61,6.32,102.07
2020,47,-1.55,3.8,-6.75,71.58,3.66,102.71
2020,48,0.24,7.54,-5.15,65.7,3.49,102.91
2020,49,3.51,10.56,-2.25,57.6,1.04,102.84
2020,50,5.83,13.04,-0.16,70.21,2.12,102.4
2020,51,7.78,16.13,0.53,77.68,2.3,102.71
2020,52,8.98,15.3,4.96,85.36,2.8,102.6
2020,53,7.66,15.85,1.23,69.71,2.34,102.94
2020,54,9.1,17.6,1.39,79.17,3.62,102.4
2020,55,15.24,22.13,9.61,83.92,2.76,101.45
2020,56,15.67,20.47,8.36,83.74,3.32,101.42
2020,57,9.56,15.85,4.4,78.01,4.27,102.33
2020,58,7.93,14.35,2.13,76.56,4.19,102.4
2020,59,8.87,11.43,6.95,88.67,2.53,101.59
2020,60,8.93,11.95,6.23,86.46,1.52,101.51
2020,61,9.22,12.61,6.62,82.82,2.85,101.91
2020,62,7.2,12.57,2.32,76.43,3.05,102.35
2020,63,7.48,12.05,2.66,80.21,1.66,102.17
2020,64,7.58,13.12,2.75,71.99,3.11,102.46
2020,65,6.13,13.18,-0.09,72.89,3.07,102.4
2020,66,9.61,16.37,2.27,81.62,2.79,101.48
2020,67,12.67,18.21,7.17,82.28,1.75,101.29
2020,68,11.93,18.15,6.79,80.93,4.6,101.06
2020,69,11.54,14.6,8.67,90.32,3.95,100.72
2020,70,10.38,15.15,6.78,75.07,3.09,101.67
2020,71,11.12,16.5,6.82,72.37,1.5,101.82
2020,72,12.34,18.37,6.12,82.55,1.92,101.49
2020,73,10.75,15.34,5.84,85.94,3.51,101.99
2020,74,8.7,15.79,2.85,72.28,2.26,102.06
2020,75,11.61,20.46,2.5,63.28,2.81,101.74
2020,76,11.31,17.98,5.77,73.01,3.56,102.0
2020,77,14.01,22.73,5.93,70.77,2.12,101.52
2020,78,15.5,23.72,7.9,71.44,2.81,101.09
2020,79,13.72,19.48,7.88,59.68,3.3,101.31
2020,80,14.48,24.75,4.47,70.64,3.05,101.14
2020,81,19.37,26.85,10.98,74.45,1.86,100.75
2020,82,15.79,19.48,9.58,76.39,3.68,101.25
2020,83,13.05,19.48,8.15,67.74,3.16,101.74
2020,84,14.16,21.44,7.39,70.1,4.1,101.48
2020,85,16.08,21.41,11.94,87.82,3.08,100.88
2020,86,18.65,22.67,11.41,94.32,2.77,100.76
2020,87,9.27,13.1,4.95,70.12,5.41,101.96
2020,88,5.84,11.09,1.73,81.14,2.58,102.31
2020,89,5.44,7.62,3.72,86.95,2.36,101.96
2020,90,8.63,13.52,3.5,84.33,1.87,101.74
2020,91,11.02,14.75,7.67,88.15,2.07,101.51
2020,92,11.21,15.57,6.1,83.19,1.73,101.93
2020,93,11.46,18.01,5.25,71.07,2.73,102.07
2020,94,12.49,18.36,5.71,68.28,1.77,102.03
2020,95,14.04,20.28,7.65,65.09,2.05,102.19
2020,96,9.85,16.98,3.2,72.0,2.87,102.37
2020,97,11.28,18.61,6.01,72.51,2.37,101.9
2020,98,13.05,20.64,5.22,66.29,1.61,101.67
2020,99,14.69,23.19,6.77,59.55,1.94,101.58
2020,100,15.32,23.52,7.45,70.18,3.05,101.65
2020,101,13.98,20.96,8.41,80.58,4.75,101.79
2020,102,8.71,11.1,5.89,85.39,4.38,101.92
2020,103,11.62,19.67,3.79,65.25,5.11,101.54
2020,104,12.69,20.16,4.17,57.16,2.21,101.75
2020,105,13.63,18.74,8.4,63.66,1.76,101.37
2020,106,16.97,24.22,10.04,69.82,2.41,100.99
2020,107,19.66,27.22,12.11,70.78,2.68,100.72
2020,108,18.43,23.61,14.6,71.3,2.35,101.1
2020,109,13.94,17.13,10.66,78.52,3.87,101.4
2020,110,13.72,17.19,11.82,86.28,3.44,100.97
2020,111,15.29,21.27,9.91,84.79,2.45,101.33
2020,112,13.89,18.92,8.71,74.72,2.58,101.72
2020,113,14.06,20.3,7.75,75.3,1.84,101.9
2020,114,14.26,20.1,5.73,58.65,1.51,102.03
2020,115,15.77,22.6,9.27,57.18,2.16,101.67
2020,116,18.39,26.6,10.88,72.1,3.74,101.17
2020,117,17.9,26.14,9.86,73.35,2.91,101.36
2020,118,12.46,17.82,7.87,76.78,3.97,102.02
2020,119,14.59,23.24,5.82,67.45,2.77,101.82
2020,120,19.34,28.11,9.11,72.63,2.21,101.18
2020,121,22.91,29.96,17.32,76.06,2.48,100.88
2020,122,22.33,24.96,19.84,83.59,3.01,100.69
2020,123,24.21,29.55,19.09,81.11,2.7,100.13
2020,124,26.51,33.39,20.44,76.9,3.0,100.08
2020,125,25.65,33.55,17.62,77.76,2.54,100.5
2020,126,18.29,21.79,14.93,84.73,3.9,100.51
2020,127,18.31,23.61,12.31,82.21,2.97,100.86
2020,128,21.91,28.18,16.29,77.04,4.76,100.56
2020,129,24.07,30.31,19.12,83.61,4.6,100.02
2020,130,19.6,25.0,15.2,73.22,3.04,100.58
2020,131,20.39,25.7,13.87,71.06,2.03,100.94
2020,132,21.55,28.9,16.09,62.21,2.58,100.93
2020,133,22.15,30.33,12.53,50.82,2.73,100.89
2020,134,22.97,30.86,14.76,57.3,4.02,101.08
2020,135,20.52,24.76,17.29,80.81,4.08,100.46
2020,136,21.93,27.07,17.97,80.04,1.49,100.27
2020,137,23.99,29.92,17.76,74.15,1.46,100.31
2020,138,25.41,31.01,19.23,73.75,2.05,99.94
2020,139,21.77,26.35,15.33,59.09,4.64,100.07
2020,140,22.26,29.96,12.72,47.46,1.92,100.45
2020,141,23.21,30.22,16.13,54.25,2.41,100.57
2020,142,24.34,31.52,17.73,67.51,3.56,100.52
2020,143,23.7,29.23,18.02,67.94,2.69,100.45
2020,144,25.45,33.21,17.98,62.48,2.37,100.43
2020,145,25.17,32.62,19.38,61.69,2.84,100.7
2020,146,22.73,29.39,17.55,61.85,1.9,100.9
2020,147,23.05,28.88,17.78,70.53,1.15,100.73
2020,148,25.4,31.63,19.32,65.37,2.37,100.69
2020,149,27.21,34.64,20.63,60.59,2.39,100.64
2020,150,23.8,29.07,19.46,66.03,3.06,100.82
2020,151,21.01,25.78,17.48,78.51,3.63,100.75
2020,152,24.87,31.61,17.67,73.93,1.51,100.75
2020,153,27.99,33.8,22.84,63.31,2.25,100.63
2020,154,28.89,35.31,22.28,64.85,2.73,100.18
2020,155,27.57,32.0,24.6,73.72,1.83,100.0
2020,156,29.12,35.94,22.52,65.11,2.24,100.04
2020,157,25.02,29.5,20.67,73.61,2.63,100.2
2020,158,26.36,34.13,19.1,65.77,2.82,100.39
2020,159,25.62,32.92,18.85,64.56,3.66,100.56
2020,160,26.71,33.39,19.95,64.0,4.77,100.55
2020,161,28.22,34.21,22.41,70.2,2.68,100.42
2020,162,28.24,33.1,24.47,76.83,1.39,100.16
2020,163,29.61,35.57,23.7,69.3,1.56,100.05
2020,164,28.6,33.6,24.33,81.16,2.77,99.84
2020,165,28.05,30.69,26.66,89.86,3.14,100.02
2020,166,27.73,29.6,26.16,90.49,1.13,100.46
2020,167,26.57,28.42,24.6,89.31,2.34,100.44
2020,168,24.01,25.53,19.98,93.25,3.81,100.19
2020,169,28.22,32.69,20.82,87.15,3.16,99.75
2020,170,23.86,27.54,19.67,89.44,3.65,99.95
2020,171,23.08,27.65,17.58,80.31,1.69,100.57
2020,172,23.93,27.51,21.29,84.08,2.64,100.48
2020,173,22.46,25.86,20.44,89.17,3.44,100.17
2020,174,23.99,27.29,20.45,88.98,3.62,100.11
2020,175,25.58,28.65,23.41,92.74,3.21,99.83
2020,176,26.3,29.67,22.85,80.24,2.52,99.92
2020,177,26.52,30.24,22.68,79.67,0.93,100.07
2020,178,27.57,32.63,22.11,83.06,2.12,100.12
2020,179,28.11,30.89,25.68,87.63,2.24,99.95
2020,180,26.95,28.69,25.73,92.74,2.87,99.96
2020,181,25.86,28.5,20.7,87.55,4.92,99.55
2020,182,25.22,30.23,19.06,81.34,1.43,99.91
2020,183,25.24,28.87,22.73,87.44,2.98,100.2
2020,184,24.27,27.09,21.85,91.48,3.36,100.28
2020,185,25.74,30.03,21.72,86.25,2.71,100.22
2020,186,24.07,27.3,20.6,83.97,1.35,100.45
2020,187,26.25,30.9,22.27,86.81,1.78,99.78
2020,188,27.55,31.66,25.09,89.59,1.82,99.63
2020,189,28.56,32.81,24.62,84.69,1.36,100.07
2020,190,26.96,31.43,22.95,88.16,2.79,99.96
2020,191,25.6,29.52,22.28,86.99,2.83,99.69
2020,192,25.45,29.86,20.82,84.48,2.03,99.94
2020,193,25.11,26.86,23.06,92.34,3.43,100.13
2020,194,27.76,29.89,25.68,92.48,3.46,99.94
2020,195,24.43,26.97,22.65,89.71,2.49,100.26
2020,196,24.37,26.6,22.04,89.06,1.24,100.44
2020,197,22.7,24.07,20.88,92.58,2.96,100.32
2020,198,23.53,27.56,20.12,87.45,2.29,100.28
2020,199,24.56,28.58,21.02,92.5,2.08,100.15
2020,200,27.38,29.57,25.69,92.97,3.52,99.86
2020,201,25.72,28.49,22.18,94.54,3.33,99.81
2020,202,25.07,29.33,20.66,81.6,0.93,100.54
2020,203,26.02,30.16,22.01,83.85,0.79,100.7
2020,204,28.0,31.39,24.23,91.42,2.38,100.31
2020,205,26.47,27.9,24.3,89.66,3.21,100.21
2020,206,25.06,28.63,21.97,81.42,1.03,100.51
2020,207,25.02,29.54,20.08,83.29,1.21,100.41
2020,208,24.18,27.47,22.11,90.51,2.68,100.25
2020,209,25.18,27.98,22.33,92.21,2.01,100.1
2020,210,26.2,28.97,22.9,90.61,1.54,100.44
2020,211,27.68,31.24,25.17,90.71,1.35,100.57
2020,212,26.86,28.68,25.29,93.17,2.02,100.72
2020,213,27.91,30.18,26.17,91.69,2.5,100.56
2020,214,29.4,32.66,25.97,85.85,1.7,100.41
2020,215,29.24,31.98,26.56,90.14,2.2,100.24
2020,216,29.98,33.55,27.11,85.68,2.16,100.2
2020,217,28.5,31.37,26.41,89.73,2.93,100.02
2020,218,29.64,33.35,25.64,89.03,2.06,100.16
2020,219,28.83,30.43,27.66,90.91,2.7,100.37
2020,220,28.4,30.62,26.68,91.57,3.21,100.09
2020,221,28.01,30.1,26.55,92.53,3.24,99.79
2020,222,27.61,29.18,26.07,93.04,3.05,99.62
2020,223,27.96,30.97,25.7,89.46,1.74,99.78
2020,224,28.89,32.4,25.68,86.03,2.44,100.28
2020,225,28.29,30.69,26.58,88.77,3.95,100.47
2020,226,28.77,32.05,25.71,85.36,3.81,100.44
2020,227,28.9,31.7,26.34,88.71,2.79,100.36
2020,228,30.24,34.05,26.24,80.98,2.19,100.31
2020,229,31.1,34.51,27.43,79.94,1.52,100.41
2020,230,30.33,34.53,26.82,82.56,1.81,100.59
2020,231,29.88,34.11,25.98,81.5,2.36,100.6
2020,232,30.26,34.32,26.47,81.41,1.49,100.54
2020,233,29.02,32.21,26.52,87.44,1.83,100.67
2020,234,27.48,29.39,26.17,91.71,2.59,100.82
2020,235,27.67,30.45,25.66,88.73,2.04,100.67
2020,236,28.91,33.11,24.53,82.47,1.5,100.27
2020,237,29.79,34.06,25.01,80.09,1.84,99.9
2020,238,28.74,31.54,25.37,87.04,1.72,99.78
2020,239,26.92,30.59,23.99,88.14,2.35,99.55
2020,240,26.57,30.13,23.37,84.69,1.89,99.7
2020,241,25.44,28.78,22.84,86.93,2.01,100.12
2020,242,26.25,30.26,23.17,89.1,2.69,100.34
2020,243,27.92,31.95,23.8,85.33,1.21,100.5
2020,244,28.7,31.84,26.18,86.39,1.33,100.54
2020,245,28.06,30.81,25.48,88.33,1.72,100.32
2020,246,25.85,29.38,22.57,86.2,2.9,100.31
2020,247,25.08,29.53,20.2,74.32,1.7,100.66
2020,248,25.91,30.89,21.25,74.79,1.77,100.75
2020,249,25.79,31.15,20.93,75.48,1.75,100.66
2020,250,25.56,30.99,19.86,73.58,1.58,100.48
2020,251,26.03,31.58,20.61,73.07,2.13,100.38
2020,252,26.88,31.65,20.74,70.97,1.55,100.76
2020,253,27.0,31.43,22.84,72.67,1.07,100.68
2020,254,25.09,29.03,21.64,82.77,1.27,100.47
2020,255,22.97,27.21,20.09,86.6,2.76,100.7
2020,256,22.93,27.27,19.46,84.68,2.39,101.17
2020,257,23.18,27.3,19.68,83.81,1.45,101.3
2020,258,22.96,26.14,19.96,86.42,1.42,101.1
2020,259,22.44,25.06,20.86,93.55,1.96,100.72
2020,260,24.04,28.05,20.02,84.36,1.08,100.69
2020,261,21.43,23.22,18.57,88.93,1.67,100.97
2020,262,20.69,25.6,16.58,79.64,1.28,101.43
2020,263,20.43,25.85,16.6,82.59,1.49,101.47
2020,264,21.5,27.07,16.78,81.03,1.82,101.42
2020,265,21.97,26.11,17.82,80.1,1.35,101.32
2020,266,20.71,24.11,18.41,86.98,1.64,101.23
2020,267,21.24,24.98,18.41,81.66,1.5,101.19
2020,268,21.54,26.38,17.46,79.11,1.49,101.16
2020,269,20.66,24.86,16.76,83.58,1.45,101.17
2020,270,21.26,26.11,17.68,81.24,2.11,101.28
2020,271,20.55,25.92,15.33,82.0,2.41,101.37
2020,272,21.52,26.29,16.91,83.11,1.86,101.17
2020,273,21.89,26.08,18.76,83.97,1.41,100.84
2020,274,20.79,25.94,15.7,81.72,2.18,101.03
2020,275,21.51,26.97,16.21,81.86,1.82,100.99
2020,276,22.5,28.17,17.59,82.45,2.11,100.99
2020,277,20.93,22.61,19.31,92.23,3.88,101.07
2020,278,18.36,23.2,10.9,82.04,3.96,101.36
2020,279,14.17,20.35,8.51,75.07,3.12,101.96
2020,280,15.92,21.49,11.02,74.09,2.35,102.06
2020,281,17.0,22.15,13.37,81.65,2.67,102.11
2020,282,17.35,23.5,12.18,80.97,3.05,102.1
2020,283,17.44,23.63,11.94,81.34,2.04,101.9
2020,284,17.61,23.52,12.31,81.04,2.1,101.61
2020,285,18.07,24.31,12.39,79.93,1.51,101.31
2020,286,18.42,24.22,13.16,81.48,2.53,101.51
2020,287,17.9,23.37,14.07,80.57,3.18,101.82
2020,288,17.08,22.74,12.27,77.83,3.46,102.08
2020,289,16.12,19.46,13.73,88.39,3.33,102.17
2020,290,15.0,18.7,11.82,87.29,2.26,102.14
2020,291,13.94,18.41,9.86,84.7,1.76,102.19
2020,292,14.35,19.91,9.14,79.34,1.23,102.15
2020,293,14.31,19.95,10.15,78.42,1.57,102.2
2020,294,14.43,19.78,8.31,82.62,1.76,102.1
2020,295,16.33,21.2,12.94,83.41,1.48,101.6
2020,296,14.23,20.91,9.3,76.1,2.67,101.6
2020,297,11.57,18.51,6.11,68.79,2.44,101.94
2020,298,11.82,18.27,6.6,64.97,1.33,102.07
2020,299,13.66,20.8,8.06,81.83,2.12,101.75
2020,300,15.53,22.59,9.33,83.53,1.45,101.59
2020,301,16.88,22.16,12.35,86.58,2.28,101.72
2020,302,16.84,21.37,13.64,82.62,2.68,102.13
2020,303,15.93,21.6,11.89,80.82,2.3,102.22
2020,304,14.24,20.46,9.39,81.64,2.22,102.31
2020,305,15.1,21.6,8.75,77.26,1.85,101.96
2020,306,16.11,19.55,13.53,82.59,1.02,101.77
2020,307,15.77,21.43,11.38,78.31,1.92,102.02
2020,308,10.71,16.75,5.53,64.46,3.41,102.42
2020,309,10.82,17.82,4.83,68.68,2.26,102.26
2020,310,14.26,21.31,8.55,82.37,2.62,101.91
2020,311,16.41,22.83,11.15,74.5,1.72,101.8
2020,312,14.75,22.85,9.64,69.61,2.15,101.94
2020,313,12.45,20.48,6.0,72.06,2.43,102.38
2020,314,12.01,18.83,6.73,77.33,1.56,102.42
2020,315,11.71,18.92,6.06,78.32,1.88,102.53
2020,316,11.96,19.08,6.14,79.5,2.65,102.67
2020,317,12.82,19.97,7.43,82.14,2.39,102.47
2020,318,12.99,19.93,7.9,83.05,2.52,102.48
2020,319,12.94,20.12,7.05,84.28,2.9,102.37
2020,320,14.7,21.39,9.61,84.26,2.71,102.12
2020,321,15.81,21.63,10.97,88.72,3.1,101.91
2020,322,17.37,22.03,14.14,94.52,2.97,101.32
2020,323,21.34,27.58,16.95,83.31,4.78,100.59
2020,324,15.31,20.1,12.42,82.04,2.73,101.07
2020,325,12.25,16.15,8.69,79.74,4.05,101.82
2020,326,11.27,15.13,8.6,88.67,3.94,101.75
2020,327,8.24,11.33,5.91,83.0,4.78,102.54
2020,328,5.79,7.48,4.39,81.29,3.03,102.85
2020,329,6.42,10.53,3.14,86.21,2.32,102.63
2020,330,6.41,9.24,4.0,92.22,2.79,102.37
2020,331,9.04,11.69,6.14,93.23,3.17,102.47
2020,332,7.35,9.4,5.09,88.03,3.57,102.93
2020,333,5.11,8.01,1.63,79.59,2.91,103.09
2020,334,4.04,10.29,-0.74,75.66,1.76,103.01
2020,335,4.12,10.67,-1.13,80.1,2.51,103.23
2020,336,5.65,11.4,0.01,83.93,2.71,103.05
2020,337,5.75,8.86,3.42,91.22,3.59,102.89
2020,338,2.91,7.72,-0.59,78.6,3.98,103.19
2020,339,2.04,8.03,-1.61,68.1,2.33,103.09
2020,340,2.9,9.34,-2.68,72.72,1.55,102.82
2020,341,5.83,12.73,-0.31,76.28,1.53,102.53
2020,342,6.18,10.5,3.96,83.4,2.95,102.78
2020,343,5.3,10.14,1.92,78.65,2.88,102.72
2020,344,6.35,11.56,2.08,84.32,1.63,102.19
2020,345,6.57,10.43,4.07,84.17,1.45,102.09
2020,346,6.47,10.71,3.32,86.04,1.25,101.95
2020,347,6.11,11.9,2.61,77.32,0.93,101.85
2020,348,4.02,8.6,-0.44,70.5,4.41,102.16
2020,349,-1.62,0.79,-3.72,64.92,3.83,103.16
2020,350,-2.08,3.71,-5.89,62.99,2.13,103.24
2020,351,-1.15,5.68,-5.08,65.69,1.85,103.25
2020,352,0.2,6.14,-4.33,66.48,1.62,102.94
2020,353,1.76,7.06,-1.34,73.15,2.34,102.94
2020,354,1.11,7.08,-1.97,76.34,3.04,103.29
2020,355,1.14,7.77,-4.12,70.78,1.43,103.22
2020,356,2.75,8.97,-1.54,61.88,1.28,102.83
2020,357,3.5,10.79,-1.11,63.11,1.41,102.36
2020,358,5.11,12.78,-1.44,79.54,1.64,101.92
2020,359,5.34,11.38,0.34,76.76,1.8,102.09
2020,360,4.03,10.99,-1.49,77.7,2.07,102.27
2020,361,6.18,12.81,0.12,83.46,2.14,101.82
2020,362,8.29,13.06,4.88,83.71,1.14,101.72
2020,363,7.75,14.3,2.87,87.0,2.47,101.77
2020,364,2.44,7.52,-5.31,87.44,6.43,102.26
2020,365,-6.19,-2.11,-8.85,65.8,4.11,103.57
2020,366,-5.38,0.71,-9.97,68.81,2.37,103.31
2021,1,-3.27,2.95,-8.47,76.1,2.31,102.76
2021,2,-0.61,5.76,-4.01,75.76,1.58,102.71
2021,3,1.71,8.15,-3.05,89.46,2.86,102.75
2021,4,3.16,8.86,-0.05,93.97,1.82,102.55
2021,5,3.07,7.06,-2.49,83.56,4.07,102.82
2021,6,-0.08,5.49,-3.79,71.46,3.07,102.82
2021,7,-6.29,-4.25,-7.65,40.85,5.7,103.48
2021,8,-4.72,1.06,-9.86,52.6,3.18,103.17
2021,9,-2.59,3.98,-9.78,60.99,1.97,102.83
2021,10,0.04,4.32,-2.89,54.76,1.11,102.85
2021,11,0.34,6.12,-2.83,59.25,2.88,102.71
2021,12,1.16,8.52,-4.6,69.43,4.01,101.93
2021,13,3.99,13.5,-0.72,75.9,3.73,101.45
2021,14,6.1,15.71,-1.28,74.81,2.1,101.45
2021,15,5.99,14.35,0.58,79.1,3.31,101.61
2021,16,0.53,3.44,-2.06,78.69,3.69,102.84
2021,17,0.73,6.63,-3.35,68.53,1.82,103.04
2021,18,3.53,11.81,-2.99,66.46,2.56,102.33
2021,19,3.64,11.51,-2.39,71.31,3.98,102.3
2021,20,7.42,15.59,1.29,80.54,2.68,101.96
2021,21,10.27,15.62,6.93,90.92,1.18,101.71
2021,22,7.58,9.14,5.11,93.86,2.91,101.66
2021,23,4.71,7.78,2.04,88.98,2.66,101.84
2021,24,4.94,11.39,-0.21,88.78,2.64,102.11
2021,25,8.21,11.43,5.69,93.58,2.59,101.9
2021,26,6.23,8.66,4.19,93.01,3.39,102.07
2021,27,5.67,10.98,1.91,78.24,2.35,102.16
2021,28,4.08,10.04,-2.6,68.67,4.06,102.5
2021,29,1.92,10.39,-4.53,68.08,2.62,102.56
2021,30,6.46,15.17,-0.96,69.93,1.73,102.22
2021,31,9.59,16.37,4.51,72.03,1.67,101.95
2021,32,8.56,13.71,3.74,85.48,1.92,101.8
2021,33,4.67,10.89,-0.83,78.46,2.53,102.54
2021,34,7.63,16.36,1.21,81.9,2.82,102.16
2021,35,6.65,12.84,0.2,70.6,3.21,102.51
2021,36,7.83,12.58,4.43,87.24,2.11,101.85
2021,37,9.51,17.34,5.05,80.0,2.8,101.65
2021,38,10.57,19.45,4.45,78.12,2.14,101.89
2021,39,5.05,8.7,1.31,67.46,4.39,102.83
2021,40,4.91,12.45,-1.92,76.46,3.09,102.5
2021,41,7.01,11.65,3.57,88.57,2.36,102.03
2021,42,8.82,14.04,5.77,88.49,2.99,101.92
2021,43,9.39,13.82,5.56,89.76,2.69,101.9
2021,44,11.72,18.12,5.65,84.9,2.83,101.83
2021,45,12.95,18.25,7.84,83.97,3.52,101.22
2021,46,7.25,11.61,4.66,79.37,3.08,101.8
2021,47,7.18,14.72,1.98,73.67,2.7,101.8
2021,48,2.6,9.08,-2.99,63.65,2.59,102.66
2021,49,3.88,11.38,-3.89,59.95,1.72,102.76
2021,50,9.71,18.64,1.26,70.7,3.6,101.85
2021,51,14.03,23.08,6.79,72.3,4.42,101.27
2021,52,15.06,24.24,7.0,70.08,3.81,100.97
2021,53,13.79,24.06,5.12,68.52,4.35,101.45
2021,54,7.47,14.2,2.49,70.48,5.01,102.12
2021,55,9.02,15.85,3.24,75.55,4.78,101.69
2021,56,8.21,11.76,6.48,90.13,4.87,101.22
2021,57,6.71,8.46,4.73,90.29,4.87,101.74
2021,58,9.34,14.37,5.11,85.53,3.38,101.92
2021,59,11.34,15.72,6.91,89.52,2.36,101.62
2021,60,9.17,14.14,2.78,89.6,4.05,101.73
2021,61,4.78,12.22,-2.46,70.38,2.56,102.67
2021,62,7.41,13.05,2.2,75.78,3.29,102.25
2021,63,10.28,16.82,5.31,75.93,1.71,101.81
2021,64,10.32,16.24,5.52,80.11,2.89,101.71
2021,65,8.58,12.23,3.31,82.02,5.01,102.3
2021,66,6.49,11.59,2.02,77.74,2.63,102.58
2021,67,8.42,12.73,3.81,88.64,2.4,102.34
2021,68,9.19,13.82,5.42,86.53,2.18,102.33
2021,69,10.34,16.92,4.95,76.64,3.04,102.37
2021,70,10.11,13.03,8.07,89.6,2.67,101.92
2021,71,9.71,13.84,5.9,83.84,1.92,102.22
2021,72,10.41,15.42,6.71,78.64,2.0,102.04
2021,73,12.63,20.09,5.95,80.64,3.13,101.54
2021,74,14.54,19.22,9.22,93.45,2.8,100.95
2021,75,12.78,18.55,6.88,78.2,4.56,101.5
2021,76,8.66,12.86,5.63,77.6,3.65,101.64
2021,77,11.05,15.96,6.3,77.27,3.18,101.45
2021,78,10.72,13.89,7.84,90.33,3.14,101.32
2021,79,9.86,12.67,7.03,82.09,2.95,101.49
2021,80,9.26,14.78,5.28,68.65,3.15,102.28
2021,81,8.91,16.15,1.01,58.6,1.85,102.52
2021,82,10.77,18.29,2.63,66.52,2.18,101.86
2021,83,13.44,19.66,6.44,73.79,2.13,101.56
2021,84,15.5,22.45,9.78,67.45,1.99,101.78
2021,85,16.69,25.02,7.69,72.6,2.7,101.13
2021,86,16.14,19.48,12.44,86.03,2.4,100.6
2021,87,16.69,24.7,9.3,76.14,2.26,100.59
2021,88,18.32,26.01,11.35,73.18,2.74,100.4
2021,89,14.71,19.89,11.3,71.25,4.61,100.66
2021,90,13.89,19.61,10.4,86.3,4.95,100.41
2021,91,15.28,19.44,11.66,89.15,3.21,100.64
2021,92,16.44,21.42,12.17,87.17,1.85,100.95
2021,93,13.4,17.0,9.3,85.72,3.89,101.42
2021,94,11.09,17.41,6.93,62.41,3.72,102.11
2021,95,12.28,18.77,4.36,58.64,1.85,102.05
2021,96,14.42,20.67,8.13,69.01,1.77,101.89
2021,97,13.44,18.22,9.4,73.26,2.26,101.83
2021,98,13.22,19.34,8.1,72.59,2.45,101.93
2021,99,12.47,20.73,3.93,62.01,2.87,102.12
2021,100,13.32,20.37,5.95,67.46,3.82,102.23
2021,101,15.21,19.79,10.35,91.0,2.68,101.86
2021,102,15.29,17.85,12.64,86.87,2.36,101.34
2021,103,14.9,20.94,9.69,80.63,3.17,101.65
2021,104,11.78,15.49,8.91,72.06,3.01,101.82
2021,105,14.45,21.45,7.9,74.47,2.49,101.3
2021,106,16.47,21.0,11.79,75.97,1.8,101.35
2021,107,14.74,20.93,8.65,62.82,3.03,101.84
2021,108,13.69,20.69,5.64,62.48,1.71,101.82
2021,109,16.02,24.38,7.39,66.1,2.61,101.37
2021,110,17.27,22.46,12.84,69.6,3.87,101.22
2021,111,19.26,25.21,14.26,82.2,3.39,101.05
2021,112,19.33,23.29,15.98,87.33,1.89,100.77
2021,113,19.01,24.79,13.68,77.39,2.47,101.03
2021,114,16.51,20.78,13.12,80.58,2.98,101.35
2021,115,17.83,22.97,14.16,85.82,2.35,101.54
2021,116,19.54,25.38,14.34,78.22,2.6,101.43
2021,117,18.98,22.37,16.09,77.73,2.05,101.4
2021,118,18.64,24.0,12.96,70.71,1.72,101.42
2021,119,20.22,27.45,11.79,64.16,5.15,100.58
2021,120,22.6,30.16,14.82,72.8,4.38,100.16
2021,121,18.12,25.93,10.16,59.58,2.93,100.93
2021,122,17.42,24.21,11.37,52.18,4.71,101.54
2021,123,20.64,27.79,13.31,70.42,3.86,100.8
2021,124,20.45,24.56,15.01,81.22,3.99,100.53
2021,125,20.12,27.07,13.93,51.66,1.33,101.4
2021,126,21.06,28.21,14.73,67.27,3.76,101.03
2021,127,21.68,28.12,16.15,59.94,2.9,100.85
2021,128,23.83,31.76,15.42,59.66,2.34,100.39
2021,129,26.02,33.57,19.16,71.57,2.33,100.38
2021,130,26.53,31.43,19.73,76.21,1.73,100.19
2021,131,21.59,25.08,17.91,87.43,4.15,100.22
2021,132,21.84,27.54,16.46,82.26,2.11,100.53
2021,133,23.28,28.32,19.22,84.31,3.04,100.47
2021,134,24.75,27.63,21.65,89.86,3.0,100.23
2021,135,26.88,30.01,24.58,88.31,4.02,99.88
2021,136,21.67,26.09,15.14,85.14,4.83,100.23
2021,137,19.48,24.12,13.97,69.32,1.74,101.03
2021,138,20.31,22.91,15.85,71.1,0.99,100.92
2021,139,18.51,21.9,15.56,84.74,2.64,100.61
2021,140,18.3,23.43,14.38,80.74,2.29,100.54
2021,141,21.07,26.69,15.24,81.18,2.12,100.66
2021,142,22.78,28.87,17.99,76.45,3.36,100.56
2021,143,20.05,24.77,16.66,86.05,2.42,100.59
2021,144,22.42,28.25,16.32,74.88,1.63,100.93
2021,145,23.78,29.05,17.73,65.1,1.59,100.78
2021,146,20.62,22.64,17.81,91.5,2.06,100.2
2021,147,22.63,27.12,16.79,85.98,2.68,100.34
2021,148,23.99,29.3,19.72,67.55,3.32,100.35
2021,149,23.81,29.72,16.68,78.69,2.7,100.32
2021,150,26.04,31.1,19.98,76.08,1.8,100.26
2021,151,25.74,31.53,20.73,76.34,2.59,100.32
2021,152,24.75,30.9,18.66,77.77,3.13,100.35
2021,153,25.95,30.68,22.02,82.64,1.93,100.24
2021,154,23.25,30.04,17.31,84.53,2.71,100.21
2021,155,22.16,28.47,16.0,71.66,2.57,100.33
2021,156,24.06,31.21,16.9,71.48,3.13,100.06
2021,157,25.28,32.37,18.27,69.55,2.35,100.26
2021,158,25.55,33.35,19.75,69.87,2.57,100.63
2021,159,25.92,31.15,20.7,78.86,2.04,100.65
2021,160,26.73,31.61,21.26,79.26,1.98,100.52
2021,161,27.14,30.73,23.75,77.51,1.38,100.37
2021,162,27.01,32.02,22.94,76.06,1.62,100.58
2021,163,27.45,32.93,22.17,81.9,2.53,100.68
2021,164,26.53,30.83,24.21,83.48,1.36,100.48
2021,165,28.0,32.57,24.19,86.67,2.92,99.86
2021,166,28.33,32.31,23.32,85.43,3.9,99.47
2021,167,26.78,31.8,21.68,80.28,1.25,99.93
2021,168,26.72,30.84,23.57,84.69,2.18,100.06
2021,169,24.99,28.82,21.22,84.81,1.97,100.09
2021,170,23.4,27.78,19.49,75.76,1.03,100.1
2021,171,25.02,29.94,20.52,71.64,1.65,100.03
2021,172,25.74,31.46,20.46,68.41,1.71,100.15
2021,173,25.25,32.1,18.57,66.22,2.0,100.46
2021,174,26.19,33.47,18.91,65.58,2.05,100.67
2021,175,27.25,34.4,20.24,63.32,2.9,100.51
2021,176,26.0,31.0,23.06,76.53,2.96,100.36
2021,177,25.64,29.82,23.24,87.34,1.85,100.16
2021,178,27.24,31.72,23.67,79.11,1.55,100.05
2021,179,27.86,33.22,22.5,75.75,2.29,99.98
2021,180,27.67,32.41,23.63,76.25,2.29,100.09
2021,181,27.84,33.33,23.34,74.52,2.73,100.05
2021,182,27.82,33.27,21.84,74.91,2.77,100.07
2021,183,27.38,30.33,24.99,86.35,2.16,100.05
2021,184,27.76,32.38,24.74,84.08,3.65,99.84
2021,185,25.93,28.72,23.64,90.68,2.53,100.35
2021,186,28.31,31.13,25.88,88.28,2.19,100.32
2021,187,29.49,32.25,26.75,84.88,0.9,100.26
2021,188,29.2,31.66,26.75,88.26,2.06,100.29
2021,189,28.15,31.67,24.44,91.59,2.87,100.36
2021,190,27.89,31.39,24.45,90.2,2.74,100.28
2021,191,28.44,31.01,26.12,88.88,2.48,100.38
2021,192,28.63,31.12,26.66,87.79,1.88,100.47
2021,193,30.07,33.74,27.39,83.12,3.96,100.2
2021,194,29.78,33.19,27.26,82.89,4.1,100.03
2021,195,30.27,33.7,26.63,82.2,2.79,100.23
2021,196,30.48,34.84,27.52,80.33,1.7,100.46
2021,197,28.4,32.23,25.29,88.57,2.69,100.56
2021,198,26.34,29.25,24.62,90.54,2.87,100.34
2021,199,27.8,31.82,24.59,84.7,2.7,100.24
2021,200,27.95,32.09,24.36,82.21,3.1,100.38
2021,201,27.97,31.34,25.24,85.81,3.62,100.53
2021,202,27.78,31.57,24.28,82.27,3.64,100.55
2021,203,27.44,31.73,23.57,82.91,3.39,100.38
2021,204,27.9,32.15,24.58,82.09,3.76,100.26
2021,205,27.07,30.66,24.57,85.28,4.4,100.1
2021,206,26.17,28.2,24.4,89.06,5.59,99.68
2021,207,26.14,28.6,24.83,91.83,6.45,99.13
2021,208,27.24,29.11,25.0,93.93,6.42,98.61
2021,209,27.63,29.99,25.49,91.94,5.43,98.86
2021,210,27.06,30.38,24.5,86.34,3.39,99.43
2021,211,27.72,32.78,22.31,81.09,1.6,99.67
2021,212,29.29,33.55,24.91,82.1,1.31,99.55
2021,213,29.2,32.92,26.12,82.7,1.59,99.54
2021,214,28.17,32.02,24.74,86.43,1.85,99.77
2021,215,28.21,32.35,24.38,87.14,2.92,100.04
2021,216,28.38,32.1,25.5,86.71,3.38,100.14
2021,217,28.32,32.38,24.94,84.93,2.77,99.95
2021,218,28.55,32.28,25.35,85.38,2.52,99.85
2021,219,27.71,31.49,24.79,85.92,2.42,100.02
2021,220,27.83,32.22,23.5,79.93,1.51,100.22
2021,221,28.05,31.82,24.31,79.24,1.39,100.25
2021,222,27.98,32.28,24.56,82.8,1.77,100.29
2021,223,28.04,32.35,25.17,86.84,1.8,100.48
2021,224,26.55,28.79,24.67,91.86,2.39,100.47
2021,225,24.95,26.4,23.2,92.33,3.81,100.27
2021,226,23.82,26.76,21.48,89.17,3.23,100.43
2021,227,23.64,25.3,22.37,92.6,2.4,100.75
2021,228,25.25,28.53,22.76,89.7,1.75,100.87
2021,229,26.33,30.48,22.85,85.49,1.74,100.76
2021,230,26.34,30.12,22.48,81.79,1.0,100.66
2021,231,26.73,31.32,22.13,79.21,1.6,100.53
2021,232,25.96,28.82,24.03,89.38,2.43,100.31
2021,233,27.02,30.43,24.15,83.55,2.16,100.31
2021,234,26.76,30.12,23.32,86.79,1.88,100.32
2021,235,27.91,31.65,25.59,88.56,2.67,99.95
2021,236,24.79,26.9,22.28,86.74,1.97,100.12
2021,237,25.68,30.9,20.4,80.02,1.94,100.44
2021,238,27.0,32.12,22.52,76.37,1.21,100.84
2021,239,24.63,29.2,21.18,87.66,1.94,100.93
2021,240,26.46,30.87,22.5,84.69,1.3,100.96
2021,241,26.94,30.93,23.84,89.92,2.02,100.92
2021,242,28.23,31.41,25.25,86.6,1.12,100.88
2021,243,29.47,32.97,25.67,83.0,1.47,100.78
2021,244,29.02,32.68,25.86,84.59,1.37,100.75
2021,245,27.27,30.51,24.28,87.39,2.24,100.59
2021,246,25.99,30.08,23.15,85.5,1.94,100.54
2021,247,26.06,28.74,23.57,91.67,3.17,100.57
2021,248,27.93,32.49,23.54,86.39,1.76,100.72
2021,249,25.19,29.11,22.2,86.65,2.17,101.02
2021,250,23.96,28.03,20.56,83.65,2.18,101.09
2021,251,24.82,29.66,20.14,80.12,0.96,100.9
2021,252,26.59,30.52,22.39,80.14,1.46,100.77
2021,253,27.36,32.1,23.29,73.99,1.14,100.75
2021,254,26.48,31.14,21.88,85.17,2.77,100.66
2021,255,25.5,29.95,22.16,84.67,4.25,100.58
2021,256,25.16,29.2,22.46,88.22,4.93,100.64
2021,257,24.63,28.71,21.47,85.01,4.15,101.03
2021,258,24.19,28.57,21.03,83.89,2.95,101.13
2021,259,23.45,28.73,19.62,82.15,2.22,100.89
2021,260,22.75,28.39,15.9,81.3,1.63,100.96
2021,261,23.64,28.82,19.03,80.43,2.33,101.08
2021,262,26.22,32.38,20.47,84.42,3.19,100.66
2021,263,23.29,26.45,19.65,82.95,3.54,100.48
2021,264,24.18,30.05,19.08,82.04,3.34,100.51
2021,265,25.93,32.12,20.07,78.19,2.0,100.81
2021,266,25.56,32.76,20.08,72.22,2.23,101.23
2021,267,25.48,30.97,22.08,80.55,3.65,101.36
2021,268,24.95,30.03,21.84,83.14,3.57,101.22
2021,269,25.82,31.59,21.68,79.55,2.82,101.09
2021,270,25.61,31.7,20.94,80.9,1.73,100.97
2021,271,25.93,30.61,21.31,81.56,1.14,100.75
2021,272,23.31,25.36,19.42,90.58,2.39,100.64
2021,273,22.07,28.37,16.72,78.01,1.19,100.8
2021,274,24.04,29.98,17.42,77.03,1.23,100.73
2021,275,25.59,31.56,20.04,79.85,2.07,100.87
2021,276,26.55,33.24,20.64,80.16,3.09,100.91
2021,277,26.92,34.17,21.57,76.98,2.52,101.17
2021,278,25.55,31.56,21.65,79.97,2.35,101.4
2021,279,25.17,30.41,20.31,81.86,2.11,101.29
2021,280,24.57,29.01,22.01,86.07,3.19,101.11
2021,281,24.13,28.38,21.45,86.31,1.9,101.28
2021,282,25.76,30.89,21.76,82.56,2.05,101.34
2021,283,23.65,29.24,16.49,84.63,3.63,101.5
2021,284,17.49,21.86,14.85,79.81,5.0,101.91
2021,285,18.2,23.91,13.5,77.51,4.16,101.9
2021,286,20.96,26.53,15.55,86.73,4.6,101.64
2021,287,24.01,29.78,19.78,83.06,2.57,101.5
2021,288,19.72,23.11,17.49,88.84,5.29,101.55
2021,289,14.49,17.41,9.09,84.51,5.64,102.55
2021,290,11.17,16.6,6.45,76.3,2.82,102.8
2021,291,13.58,19.29,8.73,76.36,1.57,102.08
2021,292,13.35,18.49,9.49,79.42,2.57,102.15
2021,293,11.55,14.7,9.51,87.26,2.51,102.16
2021,294,11.63,16.52,5.9,80.0,2.13,102.11
2021,295,12.39,17.91,8.2,75.72,2.22,102.47
2021,296,13.12,19.31,6.69,74.69,2.07,102.53
2021,297,14.75,20.57,9.28,77.84,1.57,102.27
2021,298,14.53,20.17,9.38,80.77,1.22,102.03
2021,299,15.6,21.56,9.72,82.52,1.34,101.79
2021,300,16.48,21.67,11.95,81.15,1.85,101.98
2021,301,15.01,18.52,12.16,76.87,2.06,102.14
2021,302,15.29,21.36,9.39,75.55,1.21,102.05
2021,303,16.62,22.86,12.27,72.92,1.15,102.04
2021,304,16.16,22.71,10.5,76.03,1.55,102.15
2021,305,16.39,22.67,11.21,80.33,2.05,102.23
2021,306,15.76,21.01,12.08,82.29,2.51,102.1
2021,307,15.76,20.88,11.07,85.43,1.74,101.78
2021,308,16.8,22.59,11.16,86.07,2.24,101.43
2021,309,18.56,23.57,15.14,88.6,1.7,100.99
2021,310,18.14,22.27,15.33,88.57,2.88,101.2
2021,311,11.41,19.63,2.64,85.68,5.4,101.66
2021,312,3.76,9.48,-1.07,61.55,4.04,102.4
2021,313,6.88,14.13,-0.16,65.52,3.11,102.0
2021,314,8.07,15.83,2.59,72.95,3.46,101.64
2021,315,9.03,17.17,2.43,68.98,2.68,101.86
2021,316,10.53,17.93,5.15,63.12,1.56,102.03
2021,317,11.0,18.38,5.79,71.36,2.07,101.78
2021,318,11.62,19.71,4.12,66.39,2.19,101.8
2021,319,13.4,21.0,7.02,65.13,1.47,101.81
2021,320,13.34,20.12,8.69,72.7,1.92,101.99
2021,321,12.52,17.87,8.04,85.46,1.81,102.04
2021,322,12.72,19.26,7.23,84.52,2.01,101.57
2021,323,13.91,20.52,8.1,83.93,1.93,101.43
2021,324,15.04,21.09,9.59,83.63,3.26,101.44
2021,325,12.83,16.44,8.52,83.4,4.1,101.65
2021,326,5.1,8.71,1.0,55.98,3.88,102.5
2021,327,4.02,10.91,-1.34,59.93,1.82,102.42
2021,328,7.2,16.26,-0.15,69.53,3.06,101.92
2021,329,9.64,18.04,2.48,70.78,2.12,101.84
2021,330,9.27,16.88,2.99,70.92,2.05,102.37
2021,331,9.53,16.27,4.47,80.53,3.61,102.85
2021,332,12.64,18.81,7.3,82.67,3.3,102.53
2021,333,14.2,20.64,9.58,79.15,1.92,102.06
2021,334,7.33,11.97,1.68,65.45,5.54,102.37
2021,335,2.87,9.23,-2.38,63.63,2.59,102.8
2021,336,4.62,12.74,-2.8,62.86,2.64,102.23
2021,337,5.7,15.23,-1.56,71.1,2.26,102.2
2021,338,7.16,14.86,2.08,61.99,1.2,102.51
2021,339,6.86,14.68,1.24,71.13,1.71,102.37
2021,340,8.45,17.3,1.99,69.96,1.35,102.34
2021,341,7.88,14.28,2.53,81.83,2.92,102.76
2021,342,8.81,14.62,5.06,84.37,2.85,102.71
2021,343,9.91,15.47,6.9,85.53,2.06,102.4
2021,344,9.09,15.96,4.22,82.68,1.91,102.44
2021,345,8.82,14.16,5.37,84.87,3.1,102.46
2021,346,6.95,10.88,1.9,82.56,3.36,102.89
2021,347,4.2,10.96,-2.19,72.2,1.78,102.73
2021,348,7.16,13.85,1.2,79.68,2.15,101.94
2021,349,10.02,16.22,4.94,84.29,1.35,101.71
2021,350,10.34,14.34,6.87,88.36,2.05,101.9
2021,351,3.93,8.93,-3.19,65.41,4.16,102.95
2021,352,0.74,7.82,-4.53,55.33,2.0,102.94
2021,353,4.03,12.74,-3.09,69.59,2.28,102.36
2021,354,7.41,15.89,1.34,65.66,2.41,101.77
2021,355,8.97,16.91,1.9,68.87,1.86,101.64
2021,356,8.74,17.13,3.36,70.17,1.32,101.9
2021,357,7.0,14.22,2.86,86.63,2.73,101.82
2021,358,4.81,9.04,-0.94,87.18,5.23,102.24
2021,359,-2.48,0.92,-4.96,75.84,4.68,103.6
2021,360,-3.14,0.87,-5.59,59.46,3.43,103.89
2021,361,-0.78,4.08,-5.54,52.06,1.4,103.43
2021,362,1.46,7.91,-3.43,55.04,1.61,102.68
2021,363,2.73,10.13,-2.27,65.79,3.46,102.51
2021,364,2.12,9.5,-4.34,60.27,1.69,102.94
2021,365,3.06,9.55,-1.43,58.2,1.96,102.99
2022,1,4.14,11.03,-2.19,72.23,1.95,102.53
2022,2,3.67,10.39,-1.51,75.01,1.82,102.6
2022,3,4.99,14.03,-0.99,76.94,1.77,102.31
2022,4,5.54,10.78,0.61,86.27,3.69,102.24
2022,5,3.45,6.09,1.97,93.95,5.12,102.06
2022,6,4.05,7.96,1.12,85.3,3.18,102.88
2022,7,3.15,7.6,-0.49,84.04,2.01,102.84
2022,8,3.62,8.34,-0.75,83.35,1.1,102.46
2022,9,3.88,7.88,1.4,81.26,1.1,102.17
2022,10,3.59,7.75,0.75,85.97,1.68,102.1
2022,11,1.99,7.54,-2.09,73.23,2.65,102.55
2022,12,3.23,9.41,-2.03,76.35,2.25,102.24
2022,13,0.39,5.35,-3.93,67.72,3.75,102.68
2022,14,-0.6,3.75,-4.92,70.81,1.92,102.34
2022,15,4.51,9.71,-0.89,80.57,1.38,102.14
2022,16,5.57,10.84,0.1,78.36,2.4,102.51
2022,17,5.47,11.84,2.03,81.83,2.36,102.59
2022,18,5.43,12.59,0.86,82.13,2.5,102.39
2022,19,6.35,12.49,2.5,84.85,2.29,102.2
2022,20,4.0,9.0,0.01,79.33,4.48,102.58
2022,21,3.03,5.76,0.04,88.33,4.07,102.4
2022,22,5.37,8.1,2.16,92.86,3.3,101.77
2022,23,6.35,8.04,3.79,92.91,4.98,101.72
2022,24,3.75,6.89,1.71,88.09,3.03,102.09
2022,25,4.63,9.11,0.7,83.65,1.85,102.15
2022,26,3.7,5.26,2.33,87.72,4.06,102.21
2022,27,4.09,7.81,1.61,85.63,4.05,102.43
2022,28,2.04,4.6,0.38,84.36,3.17,102.58
2022,29,1.57,5.21,-0.5,83.36,2.83,102.24
2022,30,2.18,7.68,-2.42,68.74,1.81,102.36
2022,31,2.99,7.04,-0.33,69.95,1.33,102.52
2022,32,1.69,7.73,-1.97,65.69,3.2,102.73
2022,33,1.59,6.27,-1.44,83.44,2.53,102.75
2022,34,1.93,6.82,-2.14,84.08,2.01,102.56
2022,35,3.28,9.29,-1.34,72.46,1.23,102.65
2022,36,0.92,7.14,-3.9,67.3,2.9,103.03
2022,37,1.41,6.86,-3.18,67.5,2.4,102.89
2022,38,0.43,1.96,-1.35,92.06,4.48,102.38
2022,39,2.02,7.27,-2.25,83.28,2.28,102.65
2022,40,2.57,5.99,0.68,88.77,1.6,102.32
2022,41,3.73,9.04,0.07,83.78,0.85,102.25
2022,42,4.03,7.01,1.33,91.54,3.46,102.13
2022,43,5.11,8.95,2.36,85.67,2.7,102.09
2022,44,5.2,9.23,2.05,83.52,1.68,101.96
2022,45,5.64,11.99,-0.45,80.85,1.7,102.16
2022,46,4.52,8.8,1.89,82.56,2.66,102.28
2022,47,4.0,10.25,-0.47,75.16,3.41,102.29
2022,48,0.62,3.1,-1.21,82.67,4.8,102.48
2022,49,2.26,6.16,-0.65,88.14,3.59,102.41
2022,50,1.45,4.81,-3.41,76.83,4.03,102.83
2022,51,0.05,6.26,-5.69,56.59,2.36,103.07
2022,52,2.59,8.36,-3.31,55.61,1.23,102.92
2022,53,4.15,9.67,0.0,63.74,1.43,103.02
2022,54,3.45,9.07,-2.27,75.35,2.41,103.2
2022,55,2.77,10.75,-4.36,69.86,1.61,103.03
2022,56,5.23,14.13,-2.32,64.05,1.98,102.46
2022,57,7.47,16.84,-0.03,72.44,2.87,102.04
2022,58,7.22,15.8,-1.29,67.41,2.75,102.04
2022,59,12.95,21.28,5.95,79.71,2.58,101.36
2022,60,11.07,16.86,4.73,76.81,3.14,101.77
2022,61,9.95,17.31,1.66,64.34,1.81,101.9
2022,62,12.99,21.14,5.37,62.89,1.41,101.47
2022,63,14.22,21.96,8.34,71.0,2.48,101.22
2022,64,10.16,17.05,5.38,61.94,3.8,101.71
2022,65,7.72,12.83,3.31,62.87,3.84,102.07
2022,66,9.52,17.1,3.84,72.3,2.17,101.88
2022,67,12.68,20.38,4.67,70.96,2.49,101.56
2022,68,14.83,22.42,8.81,67.21,2.84,101.54
2022,69,16.55,25.27,8.17,68.52,2.36,101.17
2022,70,19.54,27.43,13.45,65.74,1.98,101.13
2022,71,18.8,28.24,9.77,72.97,3.11,100.88
2022,72,21.22,27.12,17.44,80.0,2.04,100.71
2022,73,17.41,23.42,10.25,77.25,3.41,101.1
2022,74,15.99,26.03,6.33,70.03,2.59,101.02
2022,75,20.8,29.34,13.96,74.63,2.82,100.75
2022,76,9.15,13.2,5.75,89.17,7.4,100.82
2022,77,9.07,14.89,4.37,76.46,2.26,101.13
2022,78,9.08,14.02,5.01,73.63,3.73,101.32
2022,79,5.33,7.79,3.33,87.96,4.35,101.75
2022,80,3.91,7.18,1.74,94.02,4.84,101.82
2022,81,6.92,10.38,4.32,84.5,3.16,102.12
2022,82,8.12,13.75,3.73,84.51,1.18,101.8
2022,83,12.26,18.83,5.1,84.7,2.92,101.13
2022,84,15.23,18.8,12.56,92.77,3.9,100.29
2022,85,12.37,15.38,9.37,68.15,3.11,101.32
2022,86,11.15,16.6,7.59,72.79,2.65,101.83
2022,87,11.45,17.76,6.13,77.54,3.31,102.09
2022,88,13.93,21.19,7.48,82.63,3.19,101.67
2022,89,16.7,23.31,11.49,83.78,2.64,101.61
2022,90,10.39,13.29,6.3,79.64,3.62,102.55
2022,91,8.97,14.97,5.07,72.07,3.08,102.97
2022,92,9.45,17.04,2.43,65.54,1.55,102.63
2022,93,10.52,17.77,4.31,70.13,2.32,102.55
2022,94,11.75,18.9,4.62,74.17,2.8,102.33
2022,95,14.77,21.99,9.26,76.08,2.21,101.8
2022,96,17.44,25.02,9.62,67.24,1.45,101.7
2022,97,19.07,25.68,12.03,70.12,1.44,101.56
2022,98,20.06,28.59,12.63,67.19,2.6,101.3
2022,99,20.34,28.42,12.46,65.19,2.74,100.88
2022,100,20.75,28.28,15.58,70.15,2.38,100.69
2022,101,22.8,30.32,15.4,68.85,2.37,100.6
2022,102,22.33,30.55,12.89,74.15,3.44,100.56
2022,103,11.52,12.51,9.36,87.39,5.25,100.9
2022,104,13.22,19.58,8.33,78.36,4.23,101.4
2022,105,13.25,17.95,8.72,72.57,3.45,101.92
2022,106,12.04,16.78,8.0,73.53,2.04,101.9
2022,107,13.08,19.8,5.17,71.95,1.82,101.69
2022,108,16.03,21.38,10.82,69.42,1.38,101.59
2022,109,17.1,22.73,10.15,72.04,1.68,101.56
2022,110,17.14,22.52,11.28,76.05,1.82,101.14
2022,111,19.29,25.66,12.56,77.84,3.48,100.72
2022,112,21.96,28.96,14.44,73.84,2.04,100.7
2022,113,20.28,25.54,17.0,84.47,2.36,100.69
2022,114,21.64,27.92,15.32,82.63,2.34,100.57
2022,115,21.82,26.19,18.61,94.7,3.79,99.91
2022,116,20.67,25.84,16.95,79.88,2.68,100.42
2022,117,18.29,23.53,13.14,69.58,4.53,101.24
2022,118,14.88,19.36,10.59,80.01,4.56,101.12
2022,119,13.94,18.43,8.62,79.16,3.02,101.61
2022,120,14.99,18.76,12.42,78.54,2.03,101.72
2022,121,14.95,18.67,11.0,73.5,1.92,101.65
2022,122,17.18,24.64,9.07,71.23,2.43,101.46
2022,123,19.57,26.88,11.54,68.19,2.04,101.53
2022,124,20.39,27.84,12.95,64.37,1.87,101.31
2022,125,20.58,28.38,12.78,67.45,2.46,101.03
2022,126,22.21,29.37,13.92,66.32,1.86,100.93
2022,127,20.52,26.85,14.47,78.79,3.86,101.35
2022,128,18.91,25.71,12.54,75.56,3.15,101.36
2022,129,17.57,23.79,12.24,68.1,3.22,101.34
2022,130,16.27,20.37,13.11,81.55,2.62,101.04
2022,131,18.55,22.77,14.68,82.59,2.95,101.05
2022,132,19.16,23.69,14.52,82.58,2.21,100.85
2022,133,18.74,25.05,14.01,72.83,3.24,100.88
2022,134,17.72,23.43,12.15,66.68,2.13,101.4
2022,135,18.06,22.82,12.48,60.64,1.29,101.48
2022,136,19.12,26.3,11.08,62.7,2.4,101.17
2022,137,20.96,28.53,13.62,61.83,2.95,101.1
2022,138,21.79,29.2,14.08,61.28,2.61,101.37
2022,139,20.88,26.48,15.65,61.01,1.0,101.26
2022,140,22.39,28.37,17.0,55.11,1.28,100.83
2022,141,23.62,30.15,16.94,58.37,1.33,100.72
2022,142,23.51,29.42,18.14,63.35,2.08,100.6
2022,143,23.71,30.21,18.07,68.85,2.66,100.67
2022,144,23.01,29.25,16.36,72.32,1.93,100.85
2022,145,25.02,31.9,18.04,68.14,1.99,100.67
2022,146,20.37,24.3,17.68,81.55,2.12,100.52
2022,147,24.75,31.39,18.3,65.33,1.12,100.28
2022,148,24.08,28.58,20.39,75.86,1.95,100.08
2022,149,26.09,32.38,19.77,73.36,2.77,99.79
2022,150,25.06,29.5,18.14,66.26,2.63,100.28
2022,151,23.6,29.81,15.66,55.0,3.47,100.47
2022,152,27.66,35.32,22.33,65.63,2.15,100.11
2022,153,27.93,35.35,20.66,64.46,2.56,100.08
2022,154,27.28,33.77,21.69,69.39,3.58,100.08
2022,155,28.23,33.78,23.5,77.68,2.95,99.88
2022,156,25.99,29.8,21.31,80.0,3.11,99.72
2022,157,26.79,34.04,20.22,70.74,3.05,99.87
2022,158,24.37,30.52,19.02,59.86,3.02,100.45
2022,159,24.93,31.98,18.5,61.02,3.32,100.52
2022,160,26.77,33.96,19.39,66.79,2.78,100.41
2022,161,24.92,29.88,19.99,66.71,3.68,100.51
2022,162,24.32,30.5,18.2,67.08,3.03,100.76
2022,163,22.17,26.88,19.05,76.15,3.37,100.61
2022,164,24.48,31.1,18.58,70.9,1.49,100.19
2022,165,25.52,30.95,19.8,70.14,2.46,100.22
2022,166,27.98,35.62,19.98,56.64,1.53,100.38
2022,167,28.93,35.23,23.53,64.36,3.12,100.28
2022,168,29.91,37.19,22.99,64.11,2.69,100.11
2022,169,30.75,38.28,23.67,60.34,1.7,100.03
2022,170,28.64,32.28,25.26,73.25,1.94,100.1
2022,171,29.8,35.96,23.63,66.59,1.23,99.86
2022,172,29.88,36.09,23.77,68.61,2.33,99.9
2022,173,30.53,36.28,25.8,70.75,4.31,100.08
2022,174,28.97,32.86,26.03,82.18,4.57,100.02
2022,175,28.61,32.53,24.21,87.96,2.93,99.98
2022,176,29.4,33.74,25.3,83.17,2.99,99.99
2022,177,29.22,31.94,26.76,86.38,3.62,100.03
2022,178,29.25,32.56,26.53,82.86,4.78,99.83
2022,179,27.4,29.45,25.31,88.65,4.29,99.65
2022,180,28.2,31.92,25.25,86.2,1.92,99.91
2022,181,27.73,31.35,24.99,85.83,2.5,100.26
2022,182,27.83,31.52,23.77,82.88,2.38,100.47
2022,183,28.16,32.44,24.39,79.66,3.21,100.42
2022,184,28.8,32.79,24.82,80.76,2.23,100.16
2022,185,28.29,31.04,25.62,85.57,1.77,99.95
2022,186,29.61,33.14,26.45,84.33,2.63,99.74
2022,187,29.39,32.94,26.64,82.29,4.12,99.69
2022,188,28.88,32.18,24.93,82.98,1.83,100.16
2022,189,30.28,34.08,26.98,79.95,2.76,100.13
2022,190,30.07,33.48,27.04,80.53,1.95,99.99
2022,191,30.75,35.23,27.48,80.79,2.63,99.95
2022,192,31.8,36.29,27.72,75.33,1.81,100.09
2022,193,32.58,37.4,28.58,74.63,2.79,100.07
2022,194,32.79,37.52,28.45,71.74,2.61,99.95
2022,195,33.43,38.06,28.93,68.64,2.2,99.91
2022,196,31.6,35.17,28.99,77.2,2.14,99.82
2022,197,32.01,36.7,28.32,73.89,1.64,99.69
2022,198,30.79,35.7,26.25,78.51,3.16,99.5
2022,199,28.72,34.58,24.47,76.68,2.49,99.74
2022,200,30.38,35.91,25.05,67.0,1.27,100.05
2022,201,28.53,31.99,25.74,85.6,3.59,100.13
2022,202,27.78,31.95,24.45,79.92,1.64,100.5
2022,203,31.35,36.29,26.34,71.84,1.33,100.43
2022,204,29.89,34.33,24.91,73.9,3.79,100.12
2022,205,28.89,34.83,22.56,66.95,1.36,100.28
2022,206,31.09,37.64,23.95,65.84,1.34,100.37
2022,207,30.36,34.7,27.32,76.86,1.75,100.22
2022,208,31.41,36.64,26.0,69.67,1.39,100.24
2022,209,30.91,35.0,27.78,75.22,1.58,100.22
2022,210,29.49,33.12,26.86,80.34,2.0,100.28
2022,211,29.67,34.15,26.22,77.23,2.42,100.18
2022,212,29.48,34.84,25.26,75.41,2.22,100.03
2022,213,31.08,36.71,25.63,70.87,1.48,100.2
2022,214,32.81,38.29,27.54,64.63,1.96,100.36
2022,215,32.79,38.39,28.08,65.17,1.94,100.37
2022,216,32.98,37.76,28.2,67.19,1.49,100.34
2022,217,33.72,39.25,29.3,65.0,2.19,100.27
2022,218,31.32,34.72,28.68,73.28,3.08,100.24
2022,219,32.23,37.72,26.94,69.3,3.22,100.19
2022,220,34.08,40.11,28.97,59.96,2.44,100.21
2022,221,34.47,40.29,28.93,59.78,2.79,100.19
2022,222,34.3,39.51,29.62,60.6,1.1,100.25
2022,223,34.66,40.9,30.22,58.85,2.44,100.23
2022,224,34.73,41.27,28.93,56.68,2.76,100.23
2022,225,34.64,39.93,29.82,59.65,2.53,100.13
2022,226,36.03,42.69,30.49,56.17,2.67,100.06
2022,227,35.74,41.89,30.42,55.84,3.44,99.93
2022,228,29.42,32.14,25.26,72.01,4.12,100.09
2022,229,30.2,37.35,24.2,69.18,1.91,100.31
2022,230,32.95,39.21,26.68,63.54,2.16,100.15
2022,231,35.18,41.54,29.01,58.87,3.16,99.92
2022,232,32.33,36.72,28.38,68.68,2.44,100.16
2022,233,33.19,39.96,26.61,62.68,2.01,100.16
2022,234,34.29,41.0,28.85,55.72,3.0,99.94
2022,235,32.44,39.04,25.02,58.91,3.25,100.33
2022,236,29.53,36.56,24.02,50.49,3.24,100.63
2022,237,29.58,35.84,25.0,60.66,2.72,100.53
2022,238,27.64,32.79,23.49,61.25,2.26,100.61
2022,239,27.51,34.58,22.96,67.17,3.13,100.75
2022,240,27.0,32.93,22.03,64.79,3.7,100.8
2022,241,28.68,35.09,24.75,72.7,2.91,100.72
2022,242,26.4,31.28,22.89,79.06,2.83,100.79
2022,243,24.37,30.43,20.71,72.28,3.13,100.92
2022,244,25.2,32.24,19.15,66.13,2.99,101.08
2022,245,25.21,31.33,19.78,64.85,4.19,100.95
2022,246,26.1,32.8,20.52,69.87,4.77,100.54
2022,247,26.15,31.92,22.13,72.81,5.11,100.31
2022,248,25.77,32.99,19.81,62.09,4.57,100.22
2022,249,28.48,36.89,20.41,56.56,1.77,100.78
2022,250,27.46,34.13,22.49,57.89,2.26,101.31
2022,251,25.66,31.68,21.87,71.88,2.56,101.44
2022,252,24.29,30.17,19.91,59.23,2.19,101.37
2022,253,24.69,31.58,18.66,56.64,1.86,101.15
2022,254,25.76,32.37,19.64,66.91,1.79,100.94
2022,255,26.18,33.31,19.41,62.13,2.51,100.87
2022,256,25.18,31.75,21.31,75.26,3.35,100.89
2022,257,23.69,27.91,20.97,80.84,6.18,100.52
2022,258,23.94,28.74,20.37,81.95,5.15,99.97
2022,259,24.92,31.35,20.67,75.56,2.39,100.29
2022,260,25.8,32.29,20.68,71.62,1.78,100.48
2022,261,25.19,31.67,19.39,72.28,2.72,100.5
2022,262,23.76,30.82,18.19,60.84,4.28,100.86
2022,263,20.92,26.98,15.66,65.18,3.29,101.3
2022,264,21.5,28.45,16.19,60.23,2.32,101.31
2022,265,23.2,30.83,16.01,60.85,1.25,101.02
2022,266,21.79,29.22,16.18,54.71,3.5,101.4
2022,267,20.29,27.75,13.68,59.71,2.28,101.51
2022,268,21.77,28.07,16.95,65.6,1.52,101.3
2022,269,23.35,29.39,19.4,68.07,2.09,101.24
2022,270,22.8,28.97,17.73,72.32,2.23,101.18
2022,271,21.71,26.13,18.67,76.62,2.06,101.04
2022,272,23.46,31.1,16.61,66.71,1.71,101.06
2022,273,26.37,33.27,20.77,70.05,1.86,101.03
2022,274,28.79,36.22,23.32,67.42,2.72,100.91
2022,275,31.15,38.69,25.03,59.82,3.36,100.71
2022,276,32.04,39.36,26.21,61.3,2.93,100.75
2022,277,18.18,24.68,13.34,71.33,6.02,101.81
2022,278,14.58,18.35,12.18,77.63,4.28,102.18
2022,279,13.74,17.38,11.93,83.78,3.83,102.11
2022,280,14.43,19.81,10.08,75.51,2.59,102.18
2022,281,15.34,20.4,11.01,75.44,1.58,102.01
2022,282,15.02,20.18,10.04,68.47,3.56,102.09
2022,283,11.74,18.68,5.96,53.35,3.42,102.37
2022,284,13.27,21.05,7.26,57.37,1.56,102.28
2022,285,14.82,22.31,8.19,71.06,2.63,102.25
2022,286,15.88,23.63,8.88,74.62,2.53,102.0
2022,287,16.95,24.68,10.44,74.81,2.04,101.7
2022,288,16.86,24.5,10.64,71.25,2.16,101.65
2022,289,17.5,25.37,10.84,71.65,2.32,101.73
2022,290,16.05,22.28,9.47,61.99,4.32,102.22
2022,291,12.31,20.3,5.49,59.43,2.6,102.37
2022,292,13.21,21.37,6.44,64.2,2.3,102.36
2022,293,14.97,22.8,7.52,70.51,3.07,102.18
2022,294,16.92,22.58,13.39,77.82,1.46,101.92
2022,295,17.62,25.49,11.01,70.5,2.17,101.88
2022,296,16.4,24.5,11.23,71.45,2.62,102.05
2022,297,15.49,23.73,7.95,63.74,2.28,102.16
2022,298,15.71,22.81,9.22,65.86,3.32,102.18
2022,299,15.23,19.3,11.78,82.45,2.36,101.97
2022,300,16.73,19.95,14.37,85.88,3.3,102.09
2022,301,16.31,22.61,12.04,73.53,3.75,102.31
2022,302,14.94,21.82,9.73,71.18,2.94,102.22
2022,303,15.94,23.03,9.23,77.4,1.87,101.98
2022,304,17.55,23.47,12.82,77.29,2.04,101.95
2022,305,16.26,22.78,11.39,73.93,3.22,102.02
2022,306,14.59,22.33,8.04,70.82,2.22,101.77
2022,307,14.44,21.83,8.83,74.72,2.61,101.8
2022,308,13.44,19.18,9.2,66.16,3.72,102.41
2022,309,11.93,18.86,6.51,60.46,1.85,102.47
2022,310,13.53,21.48,8.16,69.47,2.96,102.01
2022,311,15.13,24.16,8.02,68.75,1.81,101.82
2022,312,15.7,23.34,9.38,73.47,2.16,101.96
2022,313,17.23,24.08,12.28,81.6,2.48,101.76
2022,314,19.0,27.16,12.72,77.62,1.83,101.67
2022,315,20.02,27.01,14.6,81.23,2.84,101.58
2022,316,18.75,23.78,12.91,86.92,3.21,101.28
2022,317,11.39,13.54,8.63,73.16,3.92,102.19
2022,318,10.29,14.08,7.32,73.86,1.71,102.09
2022,319,10.88,17.32,5.19,56.88,0.81,101.86
2022,320,11.87,18.82,4.63,58.55,2.29,101.76
2022,321,13.39,16.11,11.2,92.14,2.77,101.61
2022,322,15.48,20.1,12.05,87.8,2.73,101.84
2022,323,16.33,20.81,12.4,85.94,2.08,101.65
2022,324,14.26,20.29,9.41,82.61,1.5,101.61
2022,325,15.75,21.77,10.1,79.77,2.06,101.62
2022,326,15.34,18.81,12.68,88.25,3.28,101.48
2022,327,13.68,18.64,9.89,82.66,2.2,101.84
2022,328,13.94,20.09,8.89,81.0,1.73,101.74
2022,329,15.38,21.95,10.8,80.2,1.97,101.42
2022,330,14.94,21.09,10.04,81.59,2.03,101.49
2022,331,15.81,21.91,11.49,85.0,3.76,100.93
2022,332,15.54,20.17,12.13,93.11,3.37,100.78
2022,333,8.13,12.1,1.33,78.2,6.74,102.15
2022,334,-0.74,2.03,-2.44,58.73,5.16,103.48
2022,335,-0.07,4.04,-3.18,65.9,3.14,103.28
2022,336,1.57,7.18,-4.49,66.72,1.53,102.69
2022,337,3.66,6.31,0.89,85.2,2.39,102.37
2022,338,5.13,7.41,3.05,87.93,4.87,102.79
2022,339,4.28,9.98,0.29,76.31,3.08,102.86
2022,340,4.87,12.06,-1.5,66.58,1.02,102.51
2022,341,7.64,13.32,1.82,75.55,1.81,102.32
2022,342,8.32,11.32,6.26,89.16,1.7,102.15
2022,343,9.51,12.61,6.36,91.07,1.58,101.93
2022,344,8.82,12.07,4.35,86.35,3.56,102.0
2022,345,2.92,6.67,-1.12,76.95,3.39,102.53
2022,346,2.95,9.41,-1.0,70.47,2.26,102.34
2022,347,2.62,11.52,-3.01,62.7,2.96,102.52
2022,348,0.64,7.59,-4.66,60.15,2.28,102.87
2022,349,4.42,13.77,-2.32,64.72,2.3,102.11
2022,350,2.92,6.52,-0.99,86.49,4.83,102.76
2022,351,-1.66,1.93,-5.65,60.98,4.43,103.39
2022,352,-1.4,5.47,-5.87,57.59,2.74,102.8
2022,353,1.6,9.64,-3.62,61.31,2.13,102.31
2022,354,3.57,11.57,-2.94,70.46,2.11,101.99
2022,355,4.08,10.51,-1.51,66.33,3.08,101.57
2022,356,-0.72,3.85,-5.05,60.3,4.45,101.99
2022,357,0.02,5.87,-5.23,47.43,1.28,102.38
2022,358,-1.07,4.77,-4.72,60.75,2.6,102.66
2022,359,0.1,6.21,-3.94,68.21,1.66,102.73
2022,360,1.25,7.05,-2.13,72.38,1.48,102.71
2022,361,1.27,7.39,-3.22,81.05,1.55,102.87
2022,362,1.32,6.36,-1.69,81.25,2.28,103.07
2022,363,1.61,6.66,-2.46,70.02,1.54,103.19
2022,364,2.55,8.38,-1.16,58.8,1.07,103.14
2022,365,3.61,9.26,-1.12,61.57,1.17,103.05
2023,1,5.17,11.96,0.81,64.82,1.91,102.91
2023,2,4.04,9.81,-0.12,83.45,2.21,103.09
2023,3,3.91,10.25,-0.51,72.43,1.17,103.0
2023,4,3.96,11.21,-0.5,70.6,1.81,102.77
2023,5,5.14,12.94,-0.7,79.5,1.57,102.65
2023,6,5.66,14.02,-0.45,70.73,2.74,102.39
2023,7,6.89,15.74,0.28,64.38,1.83,102.09
2023,8,9.55,19.01,1.32,64.36,2.18,101.87
2023,9,8.05,14.89,2.24,77.83,3.19,102.25
2023,10,4.58,11.73,-0.35,80.68,2.71,102.51
2023,11,6.33,13.96,1.4,86.76,2.66,101.96
2023,12,12.1,19.75,6.04,87.79,2.63,101.13
2023,13,13.49,17.38,10.42,93.61,2.15,100.88
2023,14,4.35,9.98,-1.85,84.03,6.95,101.74
2023,15,-2.59,1.34,-4.9,66.05,4.89,102.81
2023,16,-2.88,2.64,-7.16,65.48,2.15,102.9
2023,17,0.15,5.71,-4.08,60.11,1.48,102.73
2023,18,0.77,7.16,-4.86,61.87,2.16,102.69
2023,19,2.81,10.61,-2.92,63.23,2.16,102.39
2023,20,1.99,8.78,-2.76,71.79,3.23,102.81
2023,21,3.83,11.0,-2.8,77.48,3.27,102.3
2023,22,3.56,6.6,1.71,91.72,2.32,102.01
2023,23,3.82,8.53,-0.03,86.83,4.25,102.38
2023,24,-3.65,0.46,-6.93,59.92,4.58,103.65
2023,25,-3.44,0.68,-7.59,60.14,2.28,102.85
2023,26,0.24,7.55,-3.81,69.89,2.39,102.27
2023,27,-0.95,4.61,-4.02,62.0,3.42,103.08
2023,28,-0.33,6.71,-4.68,57.89,2.11,102.68
2023,29,2.37,10.77,-3.41,53.41,2.85,102.28
2023,30,5.03,13.13,-1.57,54.71,1.99,102.09
2023,31,7.56,18.05,-1.0,61.88,2.11,101.38
2023,32,5.53,12.9,1.15,67.65,4.4,101.93
2023,33,2.34,7.36,-1.8,71.76,3.17,102.63
2023,34,3.54,9.81,-2.3,71.29,1.35,102.33
2023,35,3.91,10.53,-1.78,77.26,2.55,102.26
2023,36,5.54,10.8,-0.64,84.55,2.61,101.93
2023,37,7.58,10.15,5.21,93.61,2.04,101.58
2023,38,7.97,11.95,5.37,85.32,2.61,101.99
2023,39,5.73,9.69,3.06,85.26,3.9,102.31
2023,40,5.51,7.12,4.39,92.08,4.08,101.84
2023,41,5.91,11.05,2.81,82.76,2.72,101.97
2023,42,6.34,10.23,2.71,89.28,3.27,101.65
2023,43,8.61,13.93,4.92,90.64,3.71,101.29
2023,44,3.98,5.91,1.31,84.77,4.82,102.23
2023,45,2.42,8.11,-2.74,71.15,3.01,102.7
2023,46,2.77,9.67,-3.01,70.64,2.03,102.96
2023,47,4.41,11.79,-2.01,76.24,1.98,102.76
2023,48,8.7,15.79,3.07,75.29,1.96,102.03
2023,49,10.29,17.42,5.26,82.61,2.23,101.78
2023,50,7.44,12.4,3.69,69.56,3.09,102.46
2023,51,6.43,13.36,0.36,66.01,2.77,102.73
2023,52,3.0,7.39,-1.17,74.93,3.91,103.27
2023,53,2.95,8.64,-1.68,80.57,2.51,102.73
2023,54,4.63,10.1,0.45,87.23,2.18,102.23
2023,55,6.46,12.01,2.68,80.91,2.57,102.59
2023,56,3.91,10.04,-1.64,70.43,3.74,103.54
2023,57,3.26,10.88,-2.71,65.89,1.91,103.59
2023,58,4.74,13.09,-2.49,74.48,2.92,102.95
2023,59,7.82,14.32,2.0,77.87,2.34,102.27
2023,60,10.07,17.25,4.86,71.4,2.72,102.34
2023,61,7.05,14.33,1.54,63.67,2.34,102.9
2023,62,7.56,15.48,0.84,70.8,2.15,102.45
2023,63,11.0,19.67,2.89,70.5,1.93,102.29
2023,64,13.52,21.18,5.96,68.52,1.89,102.1
2023,65,14.83,23.71,6.92,63.64,2.52,101.8
2023,66,17.0,25.0,10.84,60.39,1.91,101.57
2023,67,18.14,24.77,12.46,71.46,2.19,101.44
2023,68,16.56,24.38,9.8,74.38,2.19,101.55
2023,69,18.35,27.01,10.41,69.18,2.55,101.43
2023,70,17.45,22.87,14.3,79.56,1.54,101.5
2023,71,10.89,15.54,6.15,63.23,5.17,102.59
2023,72,9.47,17.03,2.4,59.11,2.67,102.15
2023,73,13.41,22.55,4.57,62.4,4.03,101.07
2023,74,13.32,21.64,6.19,62.26,4.21,101.64
2023,75,9.49,16.06,4.98,58.39,5.72,102.33
2023,76,4.33,6.68,1.97,89.78,4.06,102.1
2023,77,6.74,13.36,0.01,76.15,2.23,102.15
2023,78,9.23,14.65,3.28,74.84,2.91,101.69
2023,79,10.92,14.13,7.48,90.14,1.52,101.0
2023,80,13.89,18.59,9.55,89.54,1.26,100.54
2023,81,14.39,18.27,12.07,92.6,2.15,100.42
2023,82,12.32,16.69,8.73,78.71,4.05,101.09
2023,83,8.73,12.2,4.79,60.69,4.11,101.85
2023,84,8.26,12.74,3.51,63.23,1.76,101.87
2023,85,9.87,16.98,2.05,66.87,2.0,101.91
2023,86,11.55,18.49,4.73,68.82,1.88,101.95
2023,87,12.62,20.4,5.27,66.18,2.62,101.98
2023,88,12.48,18.81,6.85,74.73,3.39,101.68
2023,89,12.59,18.25,8.07,79.09,2.69,101.5
2023,90,12.92,18.07,6.98,84.82,2.34,101.46
2023,91,15.5,22.05,9.52,79.03,1.72,101.18
2023,92,16.35,24.22,8.66,71.94,4.17,101.15
2023,93,14.76,17.71,11.41,81.44,6.25,100.77
2023,94,16.05,21.8,11.27,85.85,5.34,100.35
2023,95,11.52,17.26,7.14,73.07,3.78,101.21
2023,96,10.83,13.4,7.32,83.29,1.46,101.46
2023,97,12.34,19.9,5.19,69.35,3.19,101.92
2023,98,12.55,20.12,5.5,64.98,1.58,102.22
2023,99,15.11,23.58,5.93,62.85,2.28,101.52
2023,100,19.27,27.06,11.91,67.92,2.81,100.87
2023,101,19.41,25.34,14.7,64.74,3.62,100.97
2023,102,17.06,24.71,9.99,54.57,4.21,101.45
2023,103,15.65,22.33,11.84,64.25,2.98,100.97
2023,104,18.37,24.57,13.17,80.52,2.06,100.64
2023,105,18.69,25.67,12.09,68.43,2.65,100.67
2023,106,19.13,27.43,11.16,64.21,2.22,100.43
2023,107,22.97,33.35,13.31,67.14,4.38,100.47
2023,108,25.34,31.77,20.54,72.94,2.46,100.5
2023,109,22.21,29.32,15.51,75.69,2.72,100.29
2023,110,21.98,29.45,15.29,71.89,2.43,100.44
2023,111,17.26,24.2,10.63,55.1,5.4,101.22
2023,112,15.86,23.97,9.3,50.63,4.34,101.43
2023,113,13.7,17.21,11.91,79.65,5.36,101.67
2023,114,13.79,16.7,11.05,72.22,4.43,101.89
2023,115,14.4,20.13,10.06,66.28,1.89,101.45
2023,116,16.23,23.61,7.99,64.65,1.43,101.49
2023,117,18.34,25.49,11.04,67.98,2.72,101.23
2023,118,19.73,24.62,15.93,78.94,2.29,100.99
2023,119,16.81,22.21,11.69,50.72,3.78,101.16
2023,120,17.83,26.82,8.19,54.1,2.64,101.1
2023,121,20.55,29.56,12.22,51.5,1.95,101.26
2023,122,22.12,31.32,12.93,55.17,3.3,101.12
2023,123,22.53,28.17,18.97,81.45,3.3,100.73
2023,124,24.66,29.1,21.08,84.8,3.72,100.01
2023,125,21.35,24.46,17.36,83.41,3.09,99.91
2023,126,18.78,22.49,14.61,76.25,3.47,100.46
2023,127,17.97,24.09,12.94,63.92,4.74,100.98
2023,128,16.19,22.54,11.37,63.13,3.21,101.58
2023,129,17.53,26.08,8.96,54.49,2.81,101.52
2023,130,18.7,25.7,12.38,58.81,2.18,101.41
2023,131,18.47,24.11,13.93,59.42,1.69,101.48
2023,132,20.15,25.62,14.42,62.76,1.28,101.22
2023,133,22.94,31.01,14.46,68.11,2.79,100.87
2023,134,25.39,33.54,17.23,64.89,3.36,100.54
2023,135,26.1,34.27,18.44,56.68,3.47,100.42
2023,136,25.61,32.28,19.61,61.85,2.83,100.37
2023,137,23.37,26.58,21.37,86.48,3.27,100.08
2023,138,23.27,28.84,18.35,72.64,4.24,100.43
2023,139,23.29,30.59,16.14,65.46,1.65,100.75
2023,140,24.14,31.71,19.1,65.75,2.72,100.58
2023,141,23.69,29.97,17.83,71.05,3.07,100.56
2023,142,18.98,24.84,14.63,66.02,3.95,100.98
2023,143,21.58,28.92,14.33,50.58,2.09,101.1
2023,144,18.8,22.8,14.91,65.85,2.89,100.93
2023,145,22.09,29.88,13.62,71.43,1.93,100.94
2023,146,23.83,29.28,19.74,79.57,2.87,100.87
2023,147,25.98,31.52,21.41,86.99,2.32,100.6
2023,148,29.07,33.69,24.27,78.78,2.16,100.54
2023,149,28.55,35.16,21.7,76.75,2.48,100.62
2023,150,24.78,30.58,19.87,77.94,2.62,100.63
2023,151,25.43,31.53,19.63,72.11,2.06,100.46
2023,152,26.06,32.28,20.4,70.46,1.99,100.17
2023,153,28.39,35.98,21.59,56.15,2.55,100.27
2023,154,25.95,31.88,21.69,59.77,2.22,100.85
2023,155,23.15,28.82,18.23,63.94,3.27,100.85
2023,156,20.79,24.16,18.49,86.52,2.51,100.7
2023,157,22.82,29.34,16.72,74.49,1.2,100.65
2023,158,24.43,28.84,18.84,79.96,1.86,100.5
2023,159,27.32,33.8,21.56,68.55,2.74,100.15
2023,160,28.72,35.44,21.44,66.49,2.34,100.0
2023,161,29.46,35.38,24.46,70.66,3.02,99.73
2023,162,26.55,32.96,21.53,68.75,3.12,100.08
2023,163,24.72,30.55,19.71,69.23,3.05,100.19
2023,164,24.14,27.88,20.3,77.39,1.36,100.18
2023,165,26.67,33.98,20.32,60.03,1.99,100.3
2023,166,27.63,34.79,19.4,61.14,1.49,100.51
2023,167,27.0,33.46,22.52,65.33,2.2,100.68
2023,168,23.51,26.61,21.13,83.29,3.13,100.63
2023,169,24.19,28.03,20.42,89.45,2.28,100.17
2023,170,26.28,30.54,22.45,87.71,3.08,99.87
2023,171,27.24,31.77,22.62,73.86,2.27,100.0
2023,172,28.0,33.2,22.55,69.09,1.31,100.3
2023,173,27.59,33.01,22.37,64.36,1.18,100.5
2023,174,24.88,29.65,21.03,67.21,2.69,100.56
2023,175,23.36,26.34,20.93,89.28,3.42,100.35
2023,176,24.45,27.17,22.24,91.19,2.32,100.33
2023,177,25.88,29.6,23.33,82.61,3.15,100.33
2023,178,28.15,32.79,22.9,82.25,2.86,100.44
2023,179,29.39,33.34,25.59,82.14,3.4,100.35
2023,180,28.27,31.38,26.2,87.2,3.49,99.93
2023,181,26.7,30.45,23.06,83.12,1.83,99.96
2023,182,27.46,31.46,23.46,82.94,1.67,100.15
2023,183,28.58,31.93,25.9,91.41,2.5,100.12
2023,184,28.86,31.73,26.36,89.85,2.37,100.14
2023,185,28.69,31.53,24.79,83.86,4.04,99.81
2023,186,27.16,32.25,22.63,76.55,2.34,99.83
2023,187,28.86,32.54,22.98,84.79,3.49,99.77
2023,188,29.27,32.56,27.16,89.41,4.08,99.68
2023,189,29.64,32.99,27.21,88.06,4.29,99.92
2023,190,28.84,31.41,26.73,90.77,3.12,100.08
2023,191,28.34,31.17,26.24,92.16,2.51,100.08
2023,192,29.95,34.07,26.42,83.06,2.51,100.1
2023,193,30.37,33.16,27.66,84.36,2.5,100.07
2023,194,29.98,32.57,27.88,85.73,3.35,99.93
2023,195,29.4,31.34,27.97,90.02,2.73,99.84
2023,196,30.47,35.05,26.91,74.36,1.54,99.89
2023,197,26.8,29.58,24.13,78.76,1.27,100.3
2023,198,26.74,31.41,22.74,87.21,2.26,100.47
2023,199,28.06,31.54,24.76,86.43,1.88,100.59
2023,200,26.89,29.24,24.86,91.94,2.11,100.59
2023,201,27.94,31.75,24.51,83.74,1.25,100.41
2023,202,27.65,30.65,25.87,91.72,1.79,100.35
2023,203,27.97,31.47,25.9,91.2,1.94,100.35
2023,204,28.66,32.47,24.84,81.41,1.63,100.39
2023,205,29.78,33.5,25.63,80.55,1.44,100.34
2023,206,28.66,31.6,26.18,84.98,1.5,100.45
2023,207,28.46,32.2,25.84,85.69,2.63,100.56
2023,208,27.88,30.92,25.81,89.6,3.52,100.48
2023,209,26.87,28.6,25.26,92.19,5.01,100.22
2023,210,27.83,30.45,25.51,89.5,5.96,99.98
2023,211,28.18,32.19,25.1,87.11,3.98,100.18
2023,212,28.71,33.25,25.37,85.62,2.3,100.44
2023,213,27.87,30.17,25.85,88.64,2.58,100.45
2023,214,29.24,33.38,25.48,83.85,2.67,100.29
2023,215,29.27,33.69,25.24,83.16,2.29,100.04
2023,216,29.24,33.57,24.94,80.32,1.48,99.96
2023,217,29.78,33.75,25.25,79.33,1.32,99.79
2023,218,31.03,35.37,26.93,79.05,1.15,99.6
2023,219,28.52,32.15,25.23,84.27,2.0,99.78
2023,220,26.94,31.05,23.04,80.96,2.05,100.02
2023,221,27.59,32.25,22.54,82.61,2.09,100.14
2023,222,28.79,33.85,24.28,78.04,1.94,100.18
2023,223,29.87,34.56,24.91,70.57,0.77,100.03
2023,224,30.81,36.22,25.36,69.94,1.49,99.87
2023,225,29.31,32.35,26.69,81.17,1.14,99.86
2023,226,28.29,32.04,25.57,85.0,2.0,100.11
2023,227,28.69,32.74,24.63,83.0,1.13,100.24
2023,228,30.06,33.57,25.55,73.76,0.61,100.17
2023,229,29.26,32.74,24.51,77.63,1.46,100.12
2023,230,27.17,31.55,23.23,81.71,2.2,100.28
2023,231,28.1,32.24,24.81,81.61,2.89,100.47
2023,232,28.99,33.6,24.92,78.01,2.25,100.47
2023,233,29.08,32.92,25.33,79.45,2.08,100.12
2023,234,26.38,28.34,24.82,90.08,1.73,100.09
2023,235,26.65,31.23,22.33,82.85,2.34,100.35
2023,236,26.13,31.2,21.11,76.35,1.16,100.55
2023,237,26.45,31.67,21.15,76.65,2.03,100.6
2023,238,25.88,30.4,21.5,80.64,3.22,100.41
2023,239,26.15,29.83,23.58,89.73,3.63,99.96
2023,240,23.93,25.73,21.42,90.94,2.71,100.01
2023,241,23.4,26.65,20.81,87.19,2.37,100.56
2023,242,22.87,26.43,19.79,87.02,2.04,100.89
2023,243,22.7,27.82,18.51,79.68,1.94,100.95
2023,244,22.99,28.86,16.45,79.33,2.36,100.92
2023,245,23.86,29.28,19.17,83.23,2.74,100.8
2023,246,23.42,27.88,19.6,82.61,2.01,100.74
2023,247,25.71,30.91,21.14,85.97,2.62,100.73
2023,248,26.59,31.18,22.65,83.87,2.99,100.88
2023,249,26.1,30.48,23.09,81.13,2.32,101.03
2023,250,25.67,30.77,21.06,82.43,2.2,101.01
2023,251,25.9,30.89,22.05,82.17,2.16,100.92
2023,252,25.7,31.06,20.74,78.58,2.45,100.73
2023,253,25.83,31.34,21.4,79.05,2.47,100.56
2023,254,26.23,31.58,22.49,76.64,2.32,100.5
2023,255,24.48,27.72,22.66,88.28,3.18,100.65
2023,256,22.12,23.35,21.1,92.43,4.79,100.6
2023,257,22.57,25.28,20.35,91.12,2.57,100.94
2023,258,22.43,24.89,20.65,92.9,2.23,100.92
2023,259,24.13,28.84,19.97,86.49,1.15,100.88
2023,260,25.76,30.36,20.85,80.76,1.06,100.82
2023,261,27.51,32.24,22.45,79.84,1.49,100.82
2023,262,27.33,30.25,24.75,86.64,1.49,100.7
2023,263,24.88,27.26,20.96,90.05,3.22,100.76
2023,264,21.56,25.19,19.24,83.22,2.38,101.27
2023,265,21.03,24.32,18.86,87.04,2.57,101.35
2023,266,21.14,25.5,18.41,83.35,3.28,101.47
2023,267,22.34,27.57,18.12,86.76,1.29,101.22
2023,268,23.3,28.28,19.83,83.82,1.74,101.15
2023,269,23.49,28.77,18.73,85.36,1.32,101.19
2023,270,24.0,29.01,19.7,84.31,1.66,101.13
2023,271,24.06,28.93,20.38,82.05,1.77,101.3
2023,272,23.89,28.87,20.38,87.08,1.78,101.15
2023,273,21.12,25.08,18.36,87.49,2.64,101.17
2023,274,20.71,26.44,16.79,80.47,2.6,101.4
2023,275,19.53,23.77,15.76,79.34,2.63,101.46
2023,276,19.65,24.37,16.8,84.16,2.29,101.28
2023,277,19.97,25.32,15.3,81.92,2.52,101.4
2023,278,19.4,24.47,13.89,75.18,3.92,101.67
2023,279,17.68,23.4,12.79,77.74,3.23,101.75
2023,280,16.88,20.05,13.79,86.17,3.18,101.83
2023,281,17.06,22.73,11.32,80.09,1.67,101.84
2023,282,18.78,23.89,13.84,77.74,1.85,101.96
2023,283,17.71,22.43,13.61,79.49,1.96,102.09
2023,284,17.58,23.27,11.62,80.13,2.25,102.14
2023,285,18.43,23.54,12.88,79.2,2.43,102.06
2023,286,18.1,21.22,14.92,82.03,1.69,101.63
2023,287,19.41,25.19,14.71,75.62,1.78,101.21
2023,288,19.65,26.08,12.85,70.43,1.96,101.23
2023,289,19.45,26.77,14.13,68.47,1.47,101.62
2023,290,18.93,26.97,12.04,73.13,2.13,101.72
2023,291,20.66,27.71,13.94,69.77,1.67,101.49
2023,292,20.09,28.01,14.2,73.7,2.99,101.45
2023,293,15.22,21.18,10.27,67.48,3.53,102.16
2023,294,13.95,20.9,7.87,57.87,1.16,102.28
2023,295,15.56,22.77,9.11,64.46,1.22,102.01
2023,296,17.88,24.08,11.39,64.86,1.03,101.8
2023,297,19.5,26.77,12.0,62.79,1.34,101.54
2023,298,20.89,25.2,17.24,64.07,0.74,101.48
2023,299,22.0,28.45,17.24,60.91,0.68,101.43
2023,300,18.11,22.19,15.58,79.43,2.43,101.59
2023,301,18.44,25.49,13.71,68.69,2.32,101.58
2023,302,18.2,25.65,12.52,73.48,1.82,101.63
2023,303,18.74,27.05,12.21,71.25,1.34,101.75
2023,304,19.71,28.5,12.54,68.66,1.95,101.8
2023,305,20.65,29.79,14.11,65.38,2.4,101.56
2023,306,20.12,28.58,13.14,67.96,2.47,101.21
2023,307,21.54,29.19,15.0,72.15,1.73,101.1
2023,308,20.04,24.73,17.09,86.9,3.0,101.26
2023,309,20.6,29.57,12.87,81.2,4.38,100.91
2023,310,12.22,17.25,7.2,60.29,3.85,101.84
2023,311,11.83,20.09,5.92,55.55,1.82,101.96
2023,312,14.21,21.62,7.86,74.85,1.95,101.45
2023,313,16.09,23.0,11.56,84.95,2.83,101.5
2023,314,12.25,15.5,9.43,74.47,5.07,102.43
2023,315,10.94,16.53,6.96,75.72,4.31,102.69
2023,316,7.56,12.06,4.54,70.8,4.21,103.08
2023,317,5.07,10.97,-0.62,66.08,2.57,103.11
2023,318,6.7,13.81,0.8,67.49,1.3,102.63
2023,319,8.68,15.78,1.87,70.93,1.59,102.49
2023,320,8.86,14.75,3.58,71.6,3.59,102.51
2023,321,7.08,15.5,1.99,60.6,3.73,102.31
2023,322,7.33,15.43,0.15,47.48,1.4,102.41
2023,323,11.74,20.9,3.01,59.37,2.22,101.86
2023,324,12.52,21.17,5.23,69.45,1.37,101.95
2023,325,13.07,22.84,5.43,70.41,1.94,101.57
2023,326,13.77,20.86,7.34,81.35,2.27,101.25
2023,327,9.89,16.27,3.09,60.05,4.05,101.94
2023,328,4.62,10.73,-0.91,61.0,3.52,102.88
2023,329,7.9,15.49,2.08,76.79,3.55,102.62
2023,330,8.39,11.88,4.95,88.81,2.03,102.08
2023,331,9.03,17.41,3.09,79.34,2.79,101.81
2023,332,8.72,16.35,1.47,68.87,2.34,102.03
2023,333,9.38,15.38,4.37,73.14,4.11,102.16
2023,334,2.52,6.09,-1.49,54.71,3.59,103.09
2023,335,2.79,9.86,-3.79,52.4,1.73,102.94
2023,336,4.32,12.26,-2.77,55.57,1.59,102.57
2023,337,5.47,12.71,-0.27,59.26,1.36,102.46
2023,338,7.32,14.74,1.46,62.5,1.43,101.75
2023,339,9.01,17.52,1.98,78.46,2.32,101.45
2023,340,9.81,16.39,5.04,63.05,3.92,101.55
2023,341,10.4,20.18,3.13,65.36,3.8,101.33
2023,342,13.27,21.96,6.88,72.12,3.72,101.05
2023,343,14.13,20.22,10.5,74.49,1.81,101.16
2023,344,11.11,15.13,8.62,89.34,4.99,101.51
2023,345,6.39,8.31,3.8,83.53,5.22,101.83
2023,346,3.13,7.24,-0.25,80.33,2.55,102.49
2023,347,6.26,12.59,-0.25,86.35,2.26,102.13
2023,348,11.59,18.29,7.42,85.87,2.12,101.58
2023,349,2.42,7.27,-2.62,84.14,5.3,102.19
2023,350,-3.41,1.46,-7.03,65.63,4.16,103.43
2023,351,-4.91,0.33,-8.91,61.76,2.68,103.57
2023,352,-2.05,2.4,-5.56,85.72,2.57,103.01
2023,353,-1.51,3.31,-4.35,90.14,2.66,102.99
2023,354,-4.68,0.63,-9.1,72.21,3.61,103.41
2023,355,-6.6,-1.58,-9.56,65.25,3.52,103.84
2023,356,-5.68,-0.51,-10.5,61.24,2.27,104.0
2023,357,-1.72,1.75,-4.13,55.77,0.74,103.56
2023,358,-0.59,4.32,-5.51,66.02,1.77,103.36
2023,359,0.39,7.06,-4.73,67.51,1.21,102.99
2023,360,1.29,7.46,-2.45,79.05,1.74,102.61
2023,361,2.34,9.67,-1.67,87.69,1.6,102.59
2023,362,3.25,10.28,-0.1,92.65,1.65,102.61
2023,363,4.37,10.23,0.4,92.06,2.05,102.29
2023,364,7.19,13.85,3.32,88.76,2.58,101.6
2023,365,3.06,9.27,-1.16,80.87,3.17,102.48
2024,1,1.49,7.94,-2.6,81.47,1.95,102.63
2024,2,2.22,7.87,-1.47,87.62,2.22,102.17
2024,3,2.79,10.02,-1.28,83.15,2.56,102.41
2024,4,3.56,11.22,-2.16,83.22,2.2,102.03
2024,5,6.23,14.36,0.54,80.01,1.36,101.91
2024,6,4.69,12.0,0.55,80.57,2.07,102.29
2024,7,1.32,7.85,-4.3,70.13,3.21,102.76
2024,8,1.43,6.97,-1.9,79.58,2.41,102.23
2024,9,4.26,11.14,-0.69,90.59,2.3,101.86
2024,10,1.79,7.37,-2.07,72.72,2.82,102.45
2024,11,4.31,13.57,-2.51,77.99,2.52,101.9
2024,12,7.95,16.59,1.39,82.5,2.02,101.73
2024,13,9.0,17.85,3.17,80.89,2.23,101.95
2024,14,7.08,14.52,1.1,79.45,3.98,102.18
2024,15,0.71,6.57,-4.93,75.36,3.08,102.96
2024,16,4.31,11.14,-2.42,81.19,3.72,102.61
2024,17,7.02,11.75,4.56,89.83,2.53,102.05
2024,18,5.27,7.54,3.34,90.77,3.63,102.15
2024,19,3.87,6.76,1.13,91.3,4.28,102.2
2024,20,1.61,4.06,0.08,91.41,3.84,102.35
2024,21,0.36,4.29,-3.14,83.75,3.72,103.01
2024,22,-3.32,-1.62,-5.13,62.26,4.55,103.72
2024,23,-4.37,0.04,-7.55,62.77,3.61,103.68
2024,24,-1.74,3.16,-5.72,60.95,2.13,103.32
2024,25,0.41,5.99,-4.9,60.61,1.63,103.08
2024,26,1.89,7.05,-2.48,59.57,1.26,102.97
2024,27,3.04,8.14,-0.16,55.73,1.16,102.82
2024,28,2.48,9.62,-2.63,63.63,1.63,102.87
2024,29,3.53,10.21,-1.28,73.15,2.56,102.5
2024,30,6.8,13.53,1.22,87.7,1.95,102.05
2024,31,8.52,14.27,4.81,92.24,2.49,101.84
2024,32,2.77,6.48,-0.54,87.39,5.66,102.35
2024,33,1.15,5.04,-1.58,84.39,3.94,102.65
2024,34,0.04,2.46,-1.83,91.2,3.73,102.6
2024,35,-0.78,0.46,-2.56,96.05,3.33,102.29
2024,36,-4.44,-0.54,-8.72,95.81,2.7,102.68
2024,37,-3.68,0.97,-8.05,93.32,2.17,102.78
2024,38,-2.4,3.08,-7.06,88.75,2.29,102.63
2024,39,0.28,6.06,-4.83,78.66,1.44,102.42
2024,40,2.44,8.78,-3.36,79.19,2.27,102.43
2024,41,5.18,13.31,-1.61,85.51,2.66,102.4
2024,42,6.93,13.84,1.02,71.53,2.43,102.64
2024,43,8.36,17.39,0.41,73.03,2.48,102.27
2024,44,11.03,19.83,3.5,79.34,2.62,101.79
2024,45,14.8,21.9,6.5,79.42,1.71,101.58
2024,46,6.52,14.6,1.48,80.24,4.24,102.35
2024,47,4.48,11.13,-1.01,64.48,1.83,102.22
2024,48,9.72,17.86,0.72,85.15,2.63,101.23
2024,49,16.48,23.55,11.79,90.69,3.86,100.61
2024,50,10.78,16.78,3.24,86.74,5.02,101.38
2024,51,3.85,6.83,1.47,89.76,5.85,101.8
2024,52,-0.63,1.5,-3.37,93.96,5.48,102.1
2024,53,-3.67,-1.18,-5.53,94.96,3.68,102.86
2024,54,-3.3,-0.54,-6.02,95.09,2.62,103.03
2024,55,-2.92,-0.17,-5.17,95.22,2.08,102.84
2024,56,-3.5,0.47,-7.48,91.22,2.23,102.81
2024,57,-0.43,4.5,-5.67,84.94,2.59,102.83
2024,58,1.61,7.51,-3.97,82.65,1.7,102.64
2024,59,3.87,7.89,0.4,89.93,2.03,102.24
2024,60,2.91,5.16,0.78,93.14,3.92,102.26
2024,61,1.15,4.54,-3.07,73.55,2.68,102.9
2024,62,3.99,10.18,-1.25,75.03,2.06,102.24
2024,63,6.97,13.75,0.48,79.63,2.27,101.68
2024,64,8.5,13.28,4.15,92.11,2.36,100.96
2024,65,8.48,11.69,6.0,92.45,3.8,100.93
2024,66,6.29,10.78,2.27,79.78,3.37,101.88
2024,67,6.24,12.35,-0.26,74.43,1.83,102.01
2024,68,6.52,13.19,0.56,70.68,2.64,102.24
2024,69,6.16,13.02,-0.57,74.15,2.28,102.33
2024,70,8.54,15.66,2.84,80.46,3.43,102.26
2024,71,12.01,19.03,6.93,80.34,2.53,101.58
2024,72,9.79,16.22,4.07,75.19,3.65,101.95
2024,73,8.41,14.5,2.51,71.78,2.43,102.01
2024,74,10.58,14.88,7.5,85.03,1.89,101.83
2024,75,12.02,18.94,5.48,84.7,2.41,101.86
2024,76,15.52,21.94,9.35,81.35,1.62,101.57
2024,77,10.69,13.86,3.51,76.28,4.24,101.98
2024,78,6.35,11.79,1.23,77.3,2.3,102.13
2024,79,9.48,17.0,2.57,68.01,2.72,102.19
2024,80,10.21,18.26,3.16,62.64,1.74,102.31
2024,81,12.72,21.75,4.67,75.08,3.03,101.24
2024,82,17.09,24.32,9.61,80.85,3.37,100.54
2024,83,18.09,21.03,15.21,93.93,2.61,100.56
2024,84,17.06,21.26,12.76,88.9,3.16,100.88
2024,85,10.69,14.25,7.13,90.76,4.6,101.09
2024,86,10.65,16.94,5.75,84.19,1.94,102.13
2024,87,12.3,16.92,7.45,89.65,2.54,101.51
2024,88,13.82,18.55,10.41,88.52,2.36,100.89
2024,89,18.97,26.65,12.28,81.36,4.34,100.67
2024,90,19.83,29.13,13.79,74.96,2.67,100.71
2024,91,14.6,20.79,10.32,75.05,2.73,100.82
2024,92,18.71,26.52,10.41,82.07,3.27,100.73
2024,93,19.51,22.41,16.96,94.93,2.32,99.87
2024,94,14.6,17.29,12.13,88.25,4.1,100.73
2024,95,13.34,19.05,8.78,71.89,3.08,101.55
2024,96,12.72,20.01,5.88,71.15,3.11,101.67
2024,97,12.9,18.27,7.36,82.08,1.82,101.55
2024,98,14.06,17.55,10.81,88.59,2.83,101.35
2024,99,12.72,16.27,10.29,87.6,2.91,101.54
2024,100,16.1,23.41,8.98,77.51,1.99,101.95
2024,101,16.53,22.45,10.07,76.27,3.55,101.69
2024,102,17.48,22.5,13.17,83.0,1.84,101.38
2024,103,18.44,24.22,13.33,85.15,1.49,101.08
2024,104,18.59,24.14,13.2,85.83,3.05,101.05
2024,105,19.42,24.93,15.28,90.12,3.57,100.55
2024,106,19.62,25.79,12.27,77.1,1.22,100.97
2024,107,19.06,23.25,16.13,81.32,3.14,101.04
2024,108,14.49,16.85,10.77,86.53,3.49,100.89
2024,109,16.27,24.05,9.27,70.79,1.42,101.01
2024,110,15.87,19.16,11.14,87.86,4.34,100.27
2024,111,18.0,21.24,13.87,83.54,2.93,100.4
2024,112,17.62,22.76,12.12,82.53,1.69,100.85
2024,113,18.51,23.69,13.24,81.34,2.13,100.78
2024,114,18.81,25.25,13.42,80.15,2.27,100.67
2024,115,18.09,24.93,10.53,67.09,1.72,100.91
2024,116,18.62,25.6,13.2,71.71,2.09,100.5
2024,117,19.78,25.68,13.81,83.69,2.18,100.29
2024,118,20.1,25.6,14.79,83.14,3.22,100.59
2024,119,19.12,22.73,16.06,91.62,3.81,100.47
2024,120,18.28,22.66,14.42,84.45,2.57,100.72
2024,121,13.76,15.81,11.46,84.29,4.32,100.8
2024,122,15.91,21.32,11.07,66.96,2.19,101.22
2024,123,17.11,23.33,11.01,67.21,2.68,101.46
2024,124,17.23,21.89,12.15,83.96,2.98,101.37
2024,125,17.46,21.22,15.02,85.68,3.4,100.8
2024,126,17.22,20.4,14.3,89.46,2.64,100.56
2024,127,20.68,26.2,13.9,79.08,2.36,100.96
2024,128,21.56,26.59,16.76,74.84,1.75,101.33
2024,129,18.52,24.34,12.9,71.32,2.84,101.66
2024,130,18.53,25.28,11.11,72.55,2.68,101.54
2024,131,21.73,28.37,13.32,77.96,2.99,100.97
2024,132,21.17,25.12,15.31,91.88,3.3,100.7
2024,133,19.03,24.55,13.42,62.19,2.21,101.2
2024,134,20.82,27.16,13.86,57.98,1.18,101.31
2024,135,21.23,28.19,14.01,69.84,2.13,101.12
2024,136,18.06,22.91,12.26,66.94,4.04,101.64
2024,137,18.81,26.94,9.9,60.01,2.39,101.32
2024,138,22.74,30.52,15.26,73.38,2.6,100.66
2024,139,25.33,31.71,19.31,74.4,1.93,100.72
2024,140,23.51,29.65,18.12,80.75,3.03,100.72
2024,141,23.05,27.26,19.3,85.16,3.23,100.93
2024,142,22.5,27.42,18.94,84.8,2.81,101.12
2024,143,22.65,28.1,17.66,74.65,2.24,100.99
2024,144,24.23,29.91,18.48,75.66,1.56,100.63
2024,145,25.27,30.95,19.96,75.33,2.46,100.74
2024,146,25.26,31.58,19.01,77.64,3.32,100.66
2024,147,25.96,29.65,22.62,86.0,2.86,100.14
2024,148,18.67,21.44,14.81,83.72,3.29,100.41
2024,149,20.0,27.06,12.61,68.46,2.56,100.7
2024,150,20.99,27.13,14.66,69.33,2.9,100.73
2024,151,20.25,22.66,18.25,88.41,1.5,100.59
2024,152,22.42,28.33,17.07,78.39,1.52,100.9
2024,153,22.54,28.25,17.31,76.55,2.66,101.16
2024,154,22.17,27.52,15.04,66.21,2.14,100.98
2024,155,24.88,31.29,19.51,59.0,1.47,100.83
2024,156,22.61,28.47,17.54,68.41,2.49,101.08
2024,157,21.42,24.99,18.69,83.43,2.0,101.14
2024,158,21.81,26.74,17.84,79.17,2.97,101.12
2024,159,22.6,27.21,17.79,77.84,2.06,100.73
2024,160,25.51,30.88,19.41,66.77,1.24,100.52
2024,161,26.99,32.65,20.94,66.24,1.84,100.5
2024,162,26.2,31.37,21.94,72.5,2.37,100.43
2024,163,26.1,31.18,21.86,77.96,1.48,100.18
2024,164,28.2,34.46,21.57,66.12,0.94,100.0
2024,165,28.23,32.97,23.07,71.98,1.57,99.99
2024,166,29.14,35.43,23.31,63.67,1.89,99.84
2024,167,29.43,35.76,23.91,63.28,1.54,100.05
2024,168,28.44,34.04,23.74,58.86,3.38,100.39
2024,169,28.07,34.29,22.3,62.78,1.81,100.35
2024,170,28.07,34.76,21.46,61.62,2.63,100.3
2024,171,25.16,27.89,22.79,87.0,1.89,100.03
2024,172,27.85,33.42,23.59,77.55,1.5,99.81
2024,173,27.78,30.83,24.9,90.51,3.25,99.74
2024,174,27.53,30.6,24.66,87.13,2.82,99.67
2024,175,26.35,31.21,22.11,82.98,3.01,99.96
2024,176,26.02,30.45,22.11,84.12,1.43,100.32
2024,177,23.2,24.14,21.56,91.48,1.99,100.85
2024,178,23.9,27.31,20.74,87.55,2.62,100.91
2024,179,24.18,26.85,20.84,85.17,0.98,100.7
2024,180,24.72,28.44,21.76,91.5,3.23,100.33
2024,181,26.51,28.98,24.27,93.05,4.87,99.7
2024,182,27.3,30.7,24.17,88.65,2.21,99.79
2024,183,27.61,31.47,24.89,89.22,3.22,99.69
2024,184,25.83,27.53,23.05,86.56,4.43,99.75
2024,185,26.75,30.46,23.12,85.9,1.95,100.64
2024,186,29.57,33.58,25.66,85.89,3.57,100.43
2024,187,30.45,34.49,26.12,84.51,3.21,100.16
2024,188,30.14,33.8,27.53,84.34,4.07,100.05
2024,189,30.35,33.83,27.03,85.24,3.43,100.12
2024,190,30.19,33.43,27.37,85.84,2.78,100.0
2024,191,29.83,32.38,27.5,88.37,3.41,99.99
2024,192,29.2,32.75,26.0,88.59,2.45,100.1
2024,193,24.16,25.78,22.7,91.5,2.08,100.08
2024,194,27.19,31.63,22.88,88.9,1.6,99.82
2024,195,27.7,30.17,23.08,88.94,2.05,99.82
2024,196,26.58,30.95,22.23,85.38,1.12,100.41
2024,197,28.77,32.39,25.67,88.88,1.55,100.56
2024,198,29.64,33.1,27.0,84.08,1.93,100.43
2024,199,28.81,30.72,27.28,89.22,3.18,100.29
2024,200,29.55,33.09,26.51,88.67,3.21,100.16
2024,201,29.22,31.83,27.02,88.14,3.11,100.18
2024,202,28.27,31.0,25.99,90.29,2.89,100.25
2024,203,30.51,34.59,27.02,82.75,2.62,100.25
2024,204,30.25,33.35,27.54,85.47,2.35,100.06
2024,205,30.47,33.75,27.89,85.92,2.21,99.82
2024,206,30.23,34.09,27.35,85.22,2.98,99.61
2024,207,29.67,33.18,27.04,86.01,4.29,99.41
2024,208,29.32,33.03,26.8,87.19,5.07,99.4
2024,209,28.7,31.93,26.11,86.96,5.08,99.78
2024,210,30.19,34.19,26.3,83.6,3.78,100.28
2024,211,31.08,35.07,27.07,78.78,2.28,100.4
2024,212,31.46,35.5,27.4,78.65,1.34,100.2
2024,213,31.02,34.4,28.03,82.65,2.74,100.07
2024,214,30.52,33.68,27.69,83.16,3.18,100.02
2024,215,30.43,33.32,27.11,85.48,1.64,100.12
2024,216,31.28,34.47,28.04,82.23,1.51,100.32
2024,217,31.97,35.54,28.91,78.36,1.41,100.28
2024,218,31.1,34.73,27.46,79.57,1.04,100.21
2024,219,30.34,33.82,27.39,82.14,1.32,100.19
2024,220,30.96,35.95,27.19,79.91,1.03,100.15
2024,221,31.23,35.64,27.25,79.81,1.34,100.08
2024,222,31.61,35.83,27.51,78.82,1.89,99.91
2024,223,31.47,34.23,28.81,82.52,1.66,99.72
2024,224,31.97,35.09,28.86,78.66,1.46,99.63
2024,225,30.68,35.3,26.25,71.72,1.17,99.89
2024,226,29.51,33.53,26.58,81.05,1.38,100.25
2024,227,28.32,30.87,26.64,87.69,1.97,100.41
2024,228,28.48,32.15,25.78,85.36,2.69,100.41
2024,229,28.33,32.41,24.53,84.35,2.42,100.44
2024,230,29.02,32.93,25.37,82.77,2.37,100.55
2024,231,29.06,32.17,26.1,82.59,1.83,100.36
2024,232,27.41,29.79,24.31,90.8,1.93,100.14
2024,233,28.26,31.58,24.51,88.17,2.04,100.13
2024,234,28.18,31.27,25.9,85.82,1.68,100.2
2024,235,29.2,33.37,24.96,83.87,2.25,100.34
2024,236,30.48,34.08,26.27,80.35,1.4,100.5
2024,237,30.77,35.04,26.52,76.91,1.14,100.54
2024,238,29.78,34.21,26.25,81.94,2.15,100.47
2024,239,30.29,34.75,25.76,82.85,1.65,100.14
2024,240,27.27,29.66,24.2,85.81,2.87,100.01
2024,241,26.32,30.18,21.9,85.88,1.45,100.23
2024,242,27.53,31.21,24.64,84.84,2.02,100.44
2024,243,28.55,33.26,24.26,82.22,1.48,100.52
2024,244,29.14,33.71,25.37,80.94,1.84,100.59
2024,245,30.62,35.74,24.99,76.71,1.31,100.4
2024,246,29.32,32.99,24.39,81.96,2.91,100.58
2024,247,25.81,30.54,22.49,74.59,2.74,100.73
2024,248,27.19,33.23,21.46,75.46,1.64,100.38
2024,249,29.66,34.88,25.61,78.98,2.45,100.39
2024,250,28.84,33.44,25.03,77.85,2.84,100.77
2024,251,28.87,33.75,24.98,78.98,2.62,100.95
2024,252,29.22,34.73,24.94,75.19,3.11,100.9
2024,253,29.78,35.89,25.09,74.05,2.96,100.71
2024,254,28.82,34.47,25.21,77.28,3.07,100.77
2024,255,26.48,28.51,25.39,91.76,5.69,100.62
2024,256,28.83,32.68,26.37,86.0,2.77,100.47
2024,257,28.85,32.4,25.95,84.07,0.82,100.41
2024,258,28.49,32.4,25.18,83.64,1.46,100.25
2024,259,27.17,31.61,23.1,85.87,3.75,100.48
2024,260,26.16,31.17,21.94,89.28,6.39,100.25
2024,261,27.49,30.62,24.15,90.54,4.6,100.47
2024,262,28.2,32.32,25.44,85.39,3.31,100.64
2024,263,28.16,32.25,25.04,87.78,3.94,100.47
2024,264,28.43,31.0,26.43,88.48,4.63,100.04
2024,265,22.21,25.6,17.55,80.91,5.35,100.88
2024,266,18.46,23.33,14.71,74.82,4.01,101.44
2024,267,19.03,24.59,13.21,78.05,2.24,101.46
2024,268,21.21,26.42,15.13,78.8,1.23,101.13
2024,269,23.14,27.64,17.71,77.99,0.79,101.05
2024,270,23.68,26.52,21.29,89.69,1.85,101.06
2024,271,23.45,28.69,19.58,84.18,3.08,101.09
2024,272,22.65,28.62,16.91,83.39,2.89,101.2
2024,273,24.31,29.77,19.35,83.84,3.05,101.14
2024,274,25.62,30.77,21.48,86.03,2.28,100.98
2024,275,18.78,21.72,15.37,78.77,4.89,101.47
2024,276,16.12,21.41,11.3,69.17,3.7,101.89
2024,277,16.49,22.91,10.86,71.5,2.92,102.03
2024,278,16.94,23.47,9.55,76.82,2.64,102.01
2024,279,18.71,24.21,13.41,79.79,2.39,101.79
2024,280,18.67,22.05,16.42,86.23,2.74,101.76
2024,281,16.13,17.79,13.55,92.01,2.43,101.94
2024,282,16.48,22.45,13.16,78.78,2.36,101.86
2024,283,17.22,22.83,12.42,68.03,0.88,101.51
2024,284,18.76,25.28,13.66,74.7,1.16,101.38
2024,285,20.03,26.18,15.64,73.83,1.21,101.54
2024,286,19.68,25.28,14.83,75.22,2.85,101.78
2024,287,21.39,25.82,17.25,84.01,2.09,101.52
2024,288,21.33,24.75,18.79,85.78,1.31,101.33
2024,289,20.79,24.3,18.35,88.06,1.75,101.56
2024,290,20.14,23.68,18.34,90.27,3.25,101.82
2024,291,21.73,26.44,18.08,89.03,3.29,101.4
2024,292,22.78,28.83,16.87,84.63,4.02,100.99
2024,293,15.12,17.85,10.92,79.19,5.44,102.19
2024,294,14.37,20.37,8.51,81.88,2.67,102.36
2024,295,16.76,21.64,12.84,86.75,1.72,101.84
2024,296,15.03,17.06,10.16,87.99,3.19,101.92
2024,297,12.23,18.65,6.53,76.76,2.14,102.1
2024,298,13.54,20.06,7.39,81.76,2.28,101.87
2024,299,16.09,21.96,10.97,84.18,3.45,101.78
2024,300,18.85,23.71,15.16,89.76,4.09,101.49
2024,301,17.55,21.85,14.51,82.82,3.64,101.46
2024,302,15.14,20.07,11.44,81.15,2.37,101.54
2024,303,13.14,19.55,7.62,76.78,1.64,101.68
2024,304,13.83,20.83,7.78,82.57,2.7,101.88
2024,305,16.19,22.87,10.28,86.43,3.51,101.65
2024,306,16.35,19.14,14.27,91.56,5.02,101.4
2024,307,15.8,21.98,10.56,82.25,2.22,101.94
2024,308,16.83,22.96,10.82,77.64,1.11,101.9
2024,309,15.92,21.63,11.55,78.45,3.3,102.17
2024,310,12.46,18.36,8.06,77.85,2.61,102.49
2024,311,10.65,17.53,4.53,75.58,2.4,102.66
2024,312,11.19,17.61,5.59,78.78,2.53,102.6
2024,313,12.78,18.76,6.35,82.7,2.45,102.28
2024,314,15.83,20.54,11.73,90.28,2.74,102.02
2024,315,16.73,22.43,12.8,85.09,2.0,101.92
2024,316,15.14,21.0,10.49,84.13,1.89,101.92
2024,317,15.38,21.43,9.84,85.33,2.45,101.78
2024,318,16.89,22.11,12.34,86.74,3.38,101.56
2024,319,19.12,25.17,13.87,85.85,1.74,101.25
2024,320,19.34,24.31,15.45,90.7,2.22,101.26
2024,321,18.35,23.49,15.55,87.78,3.19,101.51
2024,322,12.55,15.21,8.87,80.58,5.15,102.43
2024,323,10.1,14.25,6.4,78.32,4.18,102.98
2024,324,10.2,13.36,7.7,84.76,2.38,102.74
2024,325,9.93,13.25,6.78,85.15,1.69,102.43
2024,326,9.54,15.23,4.99,80.73,1.44,102.31
2024,327,9.61,16.01,3.89,83.15,2.49,102.4
2024,328,9.4,15.43,3.96,77.99,2.93,102.6
2024,329,10.11,15.88,4.7,84.08,2.97,102.37
2024,330,9.73,13.36,6.18,88.57,4.09,102.0
2024,331,5.39,10.07,2.07,68.72,3.44,102.36
2024,332,3.92,9.84,0.04,64.63,3.67,102.16
2024,333,4.71,11.02,0.64,61.48,4.57,102.03
2024,334,6.37,15.27,-1.64,65.07,2.76,101.9
2024,335,8.44,16.06,2.07,65.04,1.74,101.55
2024,336,9.86,18.44,2.87,73.65,2.21,101.19
2024,337,10.95,20.03,5.84,77.07,2.12,101.59
2024,338,9.07,13.67,6.54,86.32,3.48,102.12
2024,339,7.2,9.25,5.27,90.24,2.68,102.19
2024,340,8.01,12.28,5.38,81.62,1.88,102.07
2024,341,6.8,11.25,3.33,82.69,1.55,102.14
2024,342,5.59,11.58,1.38,76.74,2.76,102.6
2024,343,1.7,8.72,-3.85,67.22,2.53,102.94
2024,344,2.35,9.46,-3.45,66.36,1.72,102.43
2024,345,3.94,7.13,0.6,84.93,2.59,102.19
2024,346,4.18,9.54,0.32,78.33,3.27,102.44
2024,347,4.66,10.08,-0.87,83.76,2.0,102.54
2024,348,4.01,9.13,0.55,78.95,3.55,102.62
2024,349,0.52,6.66,-4.52,69.45,2.71,103.13
2024,350,1.28,9.13,-4.62,63.91,2.15,102.69
2024,351,3.37,11.5,-3.49,60.0,2.02,102.29
2024,352,3.68,11.54,-1.09,65.1,2.0,102.42
2024,353,0.73,6.49,-2.87,78.72,3.84,103.02
2024,354,0.5,5.47,-3.15,78.82,1.88,102.97
2024,355,1.95,8.4,-2.37,76.56,1.54,102.32
2024,356,0.08,6.63,-3.77,71.29,3.53,102.79
2024,357,-0.21,5.49,-4.41,75.25,2.29,103.04
2024,358,1.55,7.2,-2.25,76.74,1.89,102.79
2024,359,2.35,9.06,-2.81,73.71,1.55,102.74
2024,360,4.23,11.14,-0.32,79.0,1.52,102.5
2024,361,2.71,10.46,-2.22,78.28,2.48,102.85
2024,362,1.32,8.33,-3.53,73.2,2.28,103.03
2024,363,0.66,7.26,-5.39,58.61,2.52,103.04
2024,364,1.84,9.19,-3.34,59.25,1.83,102.48
2024,365,3.39,12.21,-2.18,69.49,2.63,102.02
2024,366,2.77,10.37,-3.22,63.3,2.0,102.36
2025,1,3.64,12.51,-2.39,68.88,2.13,102.02
2025,2,3.85,11.64,-2.03,80.7,1.98,102.31
2025,3,4.19,10.57,1.2,82.89,2.35,102.6
2025,4,5.39,11.01,0.48,81.95,1.93,102.36
2025,5,6.5,13.47,1.77,73.62,2.7,101.93
2025,6,3.63,11.33,-1.56,65.07,2.87,102.31
2025,7,2.06,8.73,-3.77,63.34,1.46,102.4
2025,8,2.94,10.07,-2.49,58.85,2.99,102.31
2025,9,-1.11,4.17,-5.17,64.6,3.37,103.17
2025,10,-1.53,5.08,-5.88,61.43,2.04,103.55
2025,11,0.65,7.24,-2.86,58.7,1.81,103.0
2025,12,2.7,9.78,-1.63,63.5,2.13,102.53
2025,13,5.07,13.69,-2.05,62.8,1.85,102.31
2025,14,7.75,15.47,1.83,65.6,2.8,102.42
2025,15,0.02,5.62,-5.34,51.99,3.38,103.31
2025,16,2.05,8.85,-4.49,45.61,1.76,102.8
2025,17,3.65,10.61,-0.98,43.71,1.06,102.53
2025,18,5.08,12.79,-2.13,54.81,1.52,102.02
2025,19,6.02,14.75,-0.05,58.0,2.09,101.6
2025,20,4.97,13.14,-1.82,59.91,1.31,101.75
2025,21,6.08,16.1,-1.27,67.67,2.42,101.84
2025,22,6.48,12.99,2.98,88.64,2.43,101.78
2025,23,8.47,14.13,4.68,87.85,3.12,101.91
2025,24,8.46,12.49,5.86,85.13,4.35,101.99
2025,25,6.21,7.93,4.31,85.46,4.77,102.3
2025,26,2.82,4.91,-1.16,85.46,4.45,102.53
2025,27,-1.26,5.0,-6.08,59.05,3.6,102.53
2025,28,-0.56,7.04,-5.44,54.9,3.03,102.69
2025,29,2.15,9.67,-4.14,53.16,1.93,102.59
2025,30,6.14,16.35,-2.16,68.69,2.7,101.95
2025,31,6.63,10.65,4.03,87.33,2.5,101.74
2025,32,6.3,10.4,3.72,84.72,4.02,101.94
2025,33,4.59,8.51,1.63,84.21,2.2,102.05
2025,34,3.67,9.29,-1.89,72.65,2.57,102.53
2025,35,2.37,10.91,-4.02,61.45,2.41,102.32
2025,36,1.92,9.01,-3.8,58.64,3.12,102.17
2025,37,2.47,10.28,-4.1,53.89,1.77,102.27
2025,38,-2.99,0.06,-6.24,50.26,5.49,103.15
2025,39,-3.09,2.18,-6.93,51.56,2.83,103.41
2025,40,-0.69,5.01,-4.32,50.17,1.36,102.89
2025,41,2.52,9.8,-2.56,60.43,2.62,102.38
2025,42,6.3,13.18,0.28,82.12,2.73,101.78
2025,43,5.58,9.58,-0.64,80.08,3.78,102.19
2025,44,3.43,10.76,-3.4,64.62,1.34,102.51
2025,45,4.46,8.01,0.09,82.43,1.55,101.9
2025,46,6.89,12.18,3.13,81.73,1.39,101.56
2025,47,7.97,16.76,0.54,62.47,3.57,101.9
2025,48,4.7,9.77,-0.52,67.16,2.88,102.68
2025,49,5.96,13.71,-2.16,60.96,2.08,102.61
2025,50,7.73,13.5,4.03,70.53,4.09,102.59
2025,51,5.58,9.87,2.36,71.73,4.57,102.8
2025,52,4.58,8.72,0.79,78.91,2.36,102.97
2025,53,5.71,9.85,2.35,77.45,2.26,103.04
2025,54,4.15,8.42,-0.4,77.91,2.74,103.38
2025,55,2.83,10.28,-4.69,60.98,1.55,103.31
2025,56,4.96,9.98,1.03,75.38,2.17,102.64
2025,57,8.39,15.64,2.28,75.45,2.23,102.28
2025,58,10.69,18.11,4.98,79.96,2.68,101.48
2025,59,13.8,20.72,6.4,83.62,2.12,101.33
2025,60,18.11,25.52,12.22,81.18,2.79,100.86
2025,61,18.73,28.23,7.21,78.29,4.78,100.5
2025,62,5.16,6.57,2.08,89.47,5.45,101.43
2025,63,3.85,6.09,2.48,89.26,3.63,101.8
2025,64,5.64,9.46,1.2,80.72,2.49,102.24
2025,65,7.01,12.9,2.8,74.54,3.34,102.82
2025,66,6.02,10.95,1.37,64.35,1.63,102.52
2025,67,8.12,15.64,1.77,64.18,1.47,102.3
2025,68,8.93,15.86,2.44,76.23,3.33,102.39
2025,69,11.19,15.49,8.21,85.35,1.98,101.9
2025,70,14.46,21.54,8.07,79.86,1.55,101.42
2025,71,13.23,15.88,10.69,88.2,3.04,101.35
2025,72,11.17,16.93,7.62,69.39,4.28,101.75
2025,73,9.93,13.69,7.41,78.95,4.32,101.77
2025,74,8.1,10.72,5.19,82.38,4.19,102.06
2025,75,5.33,10.04,0.24,64.48,4.43,102.44
2025,76,6.6,14.99,-2.52,53.33,3.08,102.1
2025,77,6.79,14.1,-0.11,62.42,2.92,102.34
2025,78,8.72,16.57,1.25,56.24,1.41,102.49
2025,79,11.81,21.8,2.98,60.26,2.87,102.01
2025,80,14.0,24.18,5.32,54.98,3.4,101.73
2025,81,15.38,25.84,6.22,51.85,3.15,101.45
2025,82,16.87,26.46,8.45,58.21,3.18,101.04
2025,83,18.31,27.65,10.07,66.26,3.73,100.57
2025,84,20.21,30.35,11.36,61.27,3.54,100.09
2025,85,22.95,32.12,12.63,66.66,3.83,99.62
2025,86,15.77,22.71,9.53,66.49,5.32,100.43
2025,87,8.47,11.95,4.8,69.69,3.07,102.05
2025,88,8.47,13.69,3.99,59.54,2.14,102.5
2025,89,8.65,12.34,4.47,69.76,1.79,102.66
2025,90,8.98,14.1,3.76,59.73,2.11,102.31
2025,91,11.93,19.96,3.43,65.15,1.72,101.85
2025,92,13.88,22.5,7.14,59.37,3.47,101.74
2025,93,13.6,21.7,7.01,55.9,2.47,101.85
2025,94,14.87,22.17,6.35,66.29,2.48,101.33
2025,95,17.13,24.65,11.36,55.05,3.19,101.21
2025,96,17.28,26.96,7.44,51.73,1.75,101.35
2025,97,19.23,28.19,11.19,58.99,2.82,101.22
2025,98,21.34,29.53,12.75,61.26,1.52,101.14
2025,99,22.02,29.66,15.4,64.01,1.98,100.7
2025,100,21.96,28.85,14.69,59.97,1.58,100.45
2025,101,22.12,28.92,14.8,70.21,2.56,100.24
2025,102,14.43,18.83,6.64,50.09,7.73,100.61
2025,103,14.3,23.63,3.24,42.34,5.82,100.62
2025,104,15.55,22.61,8.82,44.87,4.59,100.59
2025,105,18.61,28.52,8.24,48.03,2.45,100.89
2025,106,22.42,30.54,15.02,53.34,4.65,100.33
2025,107,23.86,30.47,18.91,62.29,4.91,100.19
2025,108,24.57,33.28,16.05,64.33,2.34,100.39
2025,109,23.67,29.2,17.43,67.42,2.99,100.39
2025,110,20.76,29.36,12.58,53.02,3.09,100.91
2025,111,20.19,24.37,14.96,82.94,3.86,100.41
2025,112,19.26,22.37,16.76,73.65,3.98,100.68
2025,113,21.21,28.5,15.13,59.41,1.94,100.74
2025,114,18.72,24.99,13.63,60.87,3.18,100.99
2025,115,19.07,27.22,11.66,41.68,2.68,101.49
2025,116,20.54,29.07,11.87,46.86,3.82,101.44
2025,117,21.68,28.08,15.18,62.59,1.85,100.94
2025,118,20.86,28.37,14.74,56.17,2.59,101.14
2025,119,21.25,29.35,12.3,55.93,2.21,100.99
2025,120,24.26,32.08,16.64,62.71,4.06,100.58
2025,121,23.62,30.61,17.66,54.94,3.75,100.75
2025,122,24.77,33.8,14.44,51.41,3.95,100.56
2025,123,21.89,26.44,15.45,52.87,4.58,100.8
2025,124,20.85,28.18,13.53,49.36,4.13,100.89
2025,125,20.55,26.81,16.63,73.4,2.59,100.32
2025,126,21.49,28.32,16.82,60.39,3.58,100.6
2025,127,22.59,31.04,13.82,55.98,3.45,100.81
2025,128,20.5,22.57,17.05,84.91,6.05,100.12
2025,129,21.0,26.91,15.89,68.1,5.32,100.16
2025,130,18.65,22.77,14.41,61.47,4.28,100.92
2025,131,20.32,29.24,11.69,53.86,3.08,100.7
2025,132,22.12,30.49,13.37,55.8,3.65,100.64
2025,133,23.57,31.45,15.41,56.08,3.36,100.65
2025,134,26.34,34.43,19.68,61.39,2.35,100.71
2025,135,24.44,29.07,21.19,72.76,1.92,100.91
2025,136,23.8,28.93,20.07,75.1,1.45,100.61
2025,137,25.38,33.01,19.23,68.53,3.32,100.59
2025,138,22.82,30.07,15.6,57.8,3.16,100.8
2025,139,27.66,35.91,20.66,64.31,3.01,100.27
2025,140,28.19,34.17,21.83,72.98,3.27,100.1
2025,141,28.76,34.54,24.45,74.76,2.35,100.17
2025,142,28.34,35.66,21.58,69.44,3.95,100.35
2025,143,20.43,23.5,17.41,80.24,5.3,100.44
2025,144,20.48,26.58,15.72,60.0,2.72,101.15
2025,145,23.11,29.47,17.17,51.21,1.26,101.38
2025,146,23.28,29.05,17.35,60.41,1.69,101.33
2025,147,23.14,29.43,17.62,62.54,2.28,101.28
2025,148,23.38,28.96,18.83,70.23,2.45,101.08
2025,149,24.08,31.59,17.06,61.78,1.99,101.06
2025,150,24.41,32.25,15.93,55.93,2.68,100.9
2025,151,22.7,28.7,18.32,68.5,3.0,100.43
2025,152,21.44,24.72,19.38,88.06,3.82,100.03
2025,153,21.33,25.4,18.62,80.89,3.11,99.99
2025,154,24.62,31.57,16.74,70.35,1.11,100.33
2025,155,27.37,34.49,19.97,58.79,1.28,100.59
2025,156,28.04,35.13,21.22,53.83,2.76,100.54
2025,157,28.66,34.6,21.52,64.31,2.2,100.21
2025,158,26.28,30.38,22.28,88.31,2.65,100.12
2025,159,21.86,23.68,19.0,88.95,3.96,100.3
2025,160,23.84,29.34,18.55,85.44,2.02,100.28
2025,161,24.48,27.08,21.52,87.6,1.77,100.55
2025,162,22.98,26.54,20.15,83.17,2.35,100.89
2025,163,22.79,25.77,20.17,88.83,2.88,100.83
2025,164,27.15,31.64,23.33,85.37,1.93,100.34
2025,165,27.45,31.42,23.88,88.25,2.49,99.96
2025,166,25.57,29.33,21.67,81.77,4.12,99.64
2025,167,26.65,32.04,21.2,80.0,5.35,99.82
2025,168,28.41,33.64,23.63,76.61,2.33,100.28
2025,169,28.54,33.42,23.98,76.94,2.27,100.41
2025,170,27.18,30.82,25.31,83.75,4.25,100.34
2025,171,26.34,28.78,24.65,89.79,4.11,100.18
2025,172,23.92,25.88,20.93,91.33,2.67,100.27
2025,173,22.33,25.03,19.89,86.16,2.35,100.47
2025,174,22.13,26.01,19.0,83.03,1.89,100.34
2025,175,23.14,28.22,17.81,75.88,1.64,100.55
2025,176,25.16,29.49,20.06,79.16,1.36,100.67
2025,177,28.69,33.47,23.72,82.55,2.16,100.4
2025,178,26.7,28.26,25.09,87.55,1.81,100.37
2025,179,28.0,31.42,24.45,87.35,1.94,100.2
2025,180,28.16,31.63,25.3,84.09,2.24,100.16
2025,181,29.33,33.88,24.46,79.84,2.04,100.34
2025,182,29.87,33.34,26.2,81.2,2.16,100.54
2025,183,30.32,33.48,26.76,77.57,1.39,100.6
2025,184,31.5,35.82,26.64,76.01,1.83,100.38
2025,185,32.13,37.06,26.49,76.3,1.29,100.15
2025,186,32.56,36.66,28.34,76.74,1.35,100.03
2025,187,32.79,37.13,28.77,72.31,1.12,100.0
2025,188,30.76,34.79,27.36,74.94,2.18,99.88
2025,189,28.26,31.84,24.34,83.68,3.23,100.05
2025,190,29.37,33.92,25.5,79.09,4.32,100.1
2025,191,28.94,33.37,25.56,79.9,3.92,100.22
2025,192,28.01,31.87,25.26,85.33,3.99,100.3
2025,193,28.05,31.91,24.88,84.53,3.21,100.43
2025,194,28.69,32.71,23.7,79.48,1.25,100.21
2025,195,29.44,34.22,26.08,70.4,2.31,99.88
2025,196,29.41,34.39,23.99,74.94,2.11,99.63
2025,197,31.86,36.73,27.58,78.03,2.9,99.51
2025,198,30.03,34.43,25.4,78.18,2.88,99.79
2025,199,28.82,34.5,23.54,71.33,2.51,100.04
2025,200,29.65,36.14,23.34,76.78,3.21,100.03
2025,201,31.28,36.26,27.16,74.59,4.48,100.17
2025,202,30.54,34.93,27.0,75.97,5.0,100.35
2025,203,30.31,34.68,26.32,74.55,4.13,100.47
2025,204,30.9,36.52,26.56,70.95,3.75,100.48
2025,205,30.73,35.83,26.2,72.87,3.26,100.33
2025,206,30.49,35.93,25.73,69.32,3.66,100.13
2025,207,30.58,36.2,26.36,71.61,4.83,99.92
2025,208,30.15,35.94,26.16,72.25,4.24,99.88
2025,209,29.8,35.4,26.03,77.13,3.8,99.66
2025,210,30.49,37.01,25.36,69.4,3.34,99.51
2025,211,27.07,30.95,23.34,82.94,5.47,99.3
2025,212,26.96,29.36,23.57,90.04,5.23,98.92
2025,213,26.89,30.55,23.47,88.38,3.67,99.38
2025,214,28.34,31.56,26.02,88.36,2.97,99.45
2025,215,29.1,33.27,25.85,84.05,2.2,99.61
2025,216,29.94,34.56,25.74,80.25,2.02,99.91
2025,217,29.2,33.12,25.54,78.86,1.97,99.98
2025,218,30.32,33.83,27.21,80.59,2.36,100.02
2025,219,30.11,33.87,26.94,81.34,2.48,100.15
2025,220,29.59,33.18,26.67,84.42,2.56,100.12
2025,221,29.38,32.06,26.85,86.16,3.06,99.94
2025,222,28.42,30.67,25.52,89.85,2.29,100.0
2025,223,25.34,27.41,23.09,88.92,2.1,100.14
2025,224,27.24,31.14,22.94,86.15,0.93,100.34
2025,225,28.42,31.14,25.27,89.05,1.46,100.6
2025,226,29.66,33.47,25.91,83.36,3.16,100.76
2025,227,29.71,34.45,24.86,80.78,2.29,100.81
2025,228,29.43,34.48,24.51,77.91,2.52,100.74
2025,229,30.02,35.13,25.25,81.01,2.32,100.77
2025,230,30.5,35.36,26.03,78.53,2.04,100.79
2025,231,30.72,35.05,26.36,79.05,1.56,100.55
2025,232,31.35,35.56,27.68,73.81,1.65,100.4
2025,233,31.16,34.82,27.24,78.21,1.7,100.45
2025,234,30.63,34.12,27.22,78.96,1.26,100.41
2025,235,29.98,34.12,26.59,77.97,1.94,100.53
2025,236,31.48,36.2,26.46,71.94,1.3,100.62
2025,237,31.14,35.14,27.53,71.36,0.85,100.65
2025,238,29.52,33.41,26.08,77.99,0.92,100.72
2025,239,29.48,34.37,24.66,79.14,2.13,100.58
2025,240,30.95,35.81,25.93,74.81,1.5,100.57
2025,241,31.1,35.97,27.15,69.69,1.23,100.76
2025,242,29.16,33.9,26.32,82.55,1.63,100.74
2025,243,28.08,31.58,25.59,85.17,1.49,100.51
2025,244,27.26,30.22,24.91,85.4,1.55,100.43
2025,245,27.96,32.41,24.52,83.11,1.28,100.49
2025,246,28.28,32.85,24.03,77.42,1.26,100.5
2025,247,28.3,33.42,24.23,80.54,1.82,100.5
2025,248,29.94,34.85,25.2,79.31,1.59,100.5
2025,249,28.75,31.28,25.65,87.47,1.64,100.6
2025,250,26.99,30.06,23.91,87.77,1.58,100.64
2025,251,27.11,32.49,22.06,86.73,2.67,100.59
2025,252,23.19,26.89,21.12,89.55,3.2,100.85
2025,253,24.36,29.15,20.02,85.39,2.81,100.93
2025,254,24.37,28.47,21.24,84.68,3.1,100.88
2025,255,26.65,30.45,23.18,89.17,2.72,100.58
2025,256,25.39,29.09,22.59,86.55,1.57,100.74
2025,257,25.91,29.17,22.62,87.05,0.82,100.82
2025,258,28.13,33.34,23.43,83.14,1.22,100.93
2025,259,29.85,33.63,25.55,77.61,1.4,100.8
2025,260,26.84,29.07,22.05,86.51,2.53,100.93
2025,261,22.33,26.47,19.62,83.28,3.99,101.35
2025,262,24.13,30.68,19.41,85.61,3.03,101.0
2025,263,20.61,24.05,17.19,84.01,3.27,101.2
2025,264,21.83,27.02,17.6,80.69,3.11,101.35
2025,265,23.42,28.59,18.7,81.3,2.74,101.26
2025,266,25.35,29.28,21.4,85.63,2.6,100.99
2025,267,23.11,24.63,20.57,92.17,2.67,100.93
2025,268,23.74,26.35,21.41,90.98,2.25,101.31
2025,269,25.13,30.51,21.2,86.99,2.55,101.5
2025,270,25.64,31.26,20.67,84.36,1.33,101.35
2025,271,25.99,30.19,22.97,86.78,2.06,101.08
2025,272,22.25,25.03,20.11,84.64,2.31,101.26
2025,273,22.46,25.74,19.34,81.43,0.92,101.11
2025,274,22.99,27.05,20.09,79.58,1.2,101.1
2025,275,25.71,31.38,21.01,86.06,2.54,100.79
2025,276,23.13,26.62,19.96,88.31,2.33,101.06
2025,277,24.33,29.67,19.53,85.11,1.44,101.21
2025,278,27.56,32.45,22.49,81.25,1.19,101.03
2025,279,28.0,33.17,24.32,82.71,2.29,101.05
2025,280,25.37,29.44,22.38,86.46,2.44,101.45
2025,281,24.44,29.54,20.83,83.76,2.86,101.41
2025,282,24.33,30.17,19.7,81.31,2.6,101.25
2025,283,25.95,32.08,20.83,81.74,1.63,101.07
2025,284,25.17,30.72,20.9,85.94,1.84,101.01
2025,285,24.67,30.48,20.04,84.87,1.8,101.05
2025,286,20.33,24.1,16.98,85.3,3.12,101.31
2025,287,19.66,23.16,17.0,86.79,2.25,101.5
2025,288,21.93,27.2,17.91,87.01,1.72,101.33
2025,289,21.52,24.99,19.19,88.32,2.72,101.61
2025,290,22.49,27.04,19.14,88.39,2.32,101.49
2025,291,16.94,20.84,13.37,87.25,5.81,101.95
2025,292,14.28,17.88,11.99,83.46,4.6,102.35
2025,293,13.51,18.02,10.35,75.98,5.4,102.67
2025,294,11.9,16.55,9.25,80.59,5.28,102.79
2025,295,12.18,17.89,7.91,76.64,4.17,102.71
2025,296,12.56,18.95,7.14,77.23,3.75,102.64
2025,297,13.69,19.92,7.9,78.87,3.09,102.43
2025,298,13.54,17.76,10.07,79.9,2.66,102.13
2025,299,13.52,17.83,10.43,84.73,2.01,102.11
2025,300,12.93,18.58,8.89,77.75,2.43,102.28
2025,301,13.23,20.25,7.74,75.07,2.62,102.25
2025,302,14.47,21.71,8.07,79.21,3.07,102.09
2025,303,15.64,19.1,13.22,91.76,2.14,101.77
2025,304,16.48,21.76,12.69,85.51,2.02,101.77
2025,305,15.41,21.11,9.52,78.38,1.73,101.78
2025,306,14.87,21.52,9.61,75.63,2.95,102.16
2025,307,11.36,16.96,6.17,73.85,2.48,102.51
2025,308,12.21,18.2,8.23,80.5,2.28,102.17
2025,309,13.39,20.61,7.32,79.92,2.07,101.84
2025,310,15.47,18.73,12.78,87.33,3.54,101.82
2025,311,16.36,19.04,14.14,92.31,3.34,101.7
2025,312,17.16,20.87,14.22,89.47,3.01,101.62
2025,313,14.07,17.89,11.06,87.25,2.67,101.91
2025,314,12.19,17.96,7.3,78.57,3.12,101.91
2025,315,12.04,17.94,8.06,78.06,3.31,101.87
2025,316,12.03,18.8,7.35,82.96,2.8,101.94
2025,317,12.16,19.56,6.26,79.49,1.94,101.96
2025,318,12.9,19.96,7.37,77.35,1.23,102.06
2025,319,13.13,20.91,6.83,79.79,2.21,102.14
2025,320,14.75,22.77,8.87,79.69,2.18,102.18
2025,321,6.74,11.8,0.92,68.03,6.17,103.17
2025,322,2.69,9.44,-2.78,65.56,3.28,103.23
2025,323,4.21,11.64,-3.44,60.99,2.06,102.86
2025,324,7.78,15.59,0.03,59.99,1.54,102.59
2025,325,8.61,16.42,1.57,68.39,1.74,102.56
2025,326,10.75,17.55,4.25,57.17,1.15,102.35
2025,327,11.0,19.37,5.17,62.45,1.74,101.9
2025,328,11.08,19.61,4.98,72.64,3.33,101.87
2025,329,6.89,12.66,0.78,52.24,3.09,102.38
2025,330,7.27,15.47,-0.91,58.38,1.99,102.22
2025,331,6.35,10.95,1.96,56.51,3.73,102.33
2025,332,7.26,17.22,-0.79,59.52,2.44,101.73
2025,333,10.76,21.21,2.97,67.11,2.64,101.24
2025,334,12.25,21.44,5.56,75.82,1.88,101.33
2025,335,10.39,16.34,6.02,76.37,3.65,101.72
2025,336,9.06,14.11,5.52,81.55,3.59,102.07
2025,337,3.09,8.62,-1.37,60.98,3.22,102.83
2025,338,3.41,10.81,-3.51,59.54,1.55,102.59
2025,339,5.23,12.69,-0.29,71.25,1.85,102.47
2025,340,7.69,16.47,-0.05,68.8,2.24,101.93
2025,341,9.39,18.94,3.23,75.83,1.96,102.0
2025,342,7.83,15.51,2.2,74.74,3.13,102.57
2025,343,7.79,15.54,1.68,74.53,2.95,102.33
2025,344,10.69,18.03,4.68,75.76,2.17,101.79
2025,345,10.19,16.33,5.47,75.93,3.53,102.08
2025,346,8.05,13.47,3.36,75.4,4.81,102.47
2025,347,4.17,7.67,-0.88,79.87,4.46,102.6
2025,348,2.46,9.62,-4.5,67.24,2.09,102.6
2025,349,4.86,13.38,-2.56,65.48,2.1,102.11
2025,350,8.63,17.25,1.76,68.33,1.49,101.89
2025,351,5.3,10.92,1.15,82.47,2.79,102.54
2025,352,5.84,13.92,-0.78,81.49,2.67,102.06
2025,353,11.35,20.01,4.03,80.99,2.65,101.37
2025,354,9.33,12.86,5.29,77.66,4.03,102.06
2025,355,4.94,10.17,1.16,67.12,3.53,102.86
2025,356,5.99,12.01,0.04,81.56,3.38,102.33
2025,357,7.02,10.47,5.1,90.49,3.04,101.91
2025,358,4.33,6.73,2.49,85.08,3.36,102.11
2025,359,2.13,8.74,-2.91,67.27,3.37,102.7
2025,360,0.29,7.06,-4.77,64.36,1.83,102.64
2025,361,2.98,10.82,-3.74,62.07,1.66,102.18
2025,362,5.84,14.52,0.12,62.18,1.89,101.85
2025,363,7.72,16.34,0.74,77.89,2.47,101.73
2025,364,7.1,12.91,3.06,77.11,3.74,102.1
2025,365,5.38,10.38,1.57,74.54,5.39,102.4
